source_document_id,source,reference,target_document_ids,target_sources,example_chunk_index
007740e5-8bde-453f-a9ce-6580ecef44af,Clarification on applicability of Forest _Conservation_ Act_ 1980 over RoW of Railways 21.05.2019.pdf,"Forest (Conservation) Act, 1980",8f58f211-fd1a-412d-9a6b-65785b90ec56; 96d8318d-2087-4b13-8e79-5519a408092a,ind3172.pdf; the_forest__conservation__act__1980.pdf,0
00806877-004f-4c3e-af8c-099569b9220a,Ashok Sharma- 4.3.2025.pdf,"the Forest (Conservation) Amendment Act, 2023",0968db51-29d7-4563-84d5-df3a1ef17e05; 18073af1-0a38-4941-a47e-9a80d45a9c11,247866.pdf; FCAmendmentAct2023.pdf,4
00806877-004f-4c3e-af8c-099569b9220a,Ashok Sharma- 4.3.2025.pdf,"the Forest (Conservation) Act, 1980",8f58f211-fd1a-412d-9a6b-65785b90ec56; 96d8318d-2087-4b13-8e79-5519a408092a,ind3172.pdf; the_forest__conservation__act__1980.pdf,4
0421a9af-1991-4325-ae52-d28dfa98179d,Issues referred by the Department of Telecommunication 13.06.2023.pdf,"the Forest (Conservation) Act, 1980",8f58f211-fd1a-412d-9a6b-65785b90ec56; 96d8318d-2087-4b13-8e79-5519a408092a,ind3172.pdf; the_forest__conservation__act__1980.pdf,0
05e3c50d-36a7-4f9b-bbfe-b73fc49f5648,Clarification sought by the Regional Office_ Bangalore 02.01.24.pdf,"Forest (Conservation) Act, 1980",8f58f211-fd1a-412d-9a6b-65785b90ec56; 96d8318d-2087-4b13-8e79-5519a408092a,ind3172.pdf; the_forest__conservation__act__1980.pdf,0
08105ea7-bddc-4a8b-98b1-68b7980a95aa,Clarification on applicability of FCA_ 1980 in Railways land 01.01.20.pdf,"the Forest (Conservation) Act,

1980",8f58f211-fd1a-412d-9a6b-65785b90ec56; 96d8318d-2087-4b13-8e79-5519a408092a,ind3172.pdf; the_forest__conservation__act__1980.pdf,0
08e79e71-ee46-41e0-a7de-3c3f87efea44,Submission of proposals to obtain approval mining lease 31.03.2016 _1_.docx,the Forest (Conservation) Act 1980,8f58f211-fd1a-412d-9a6b-65785b90ec56; 96d8318d-2087-4b13-8e79-5519a408092a,ind3172.pdf; the_forest__conservation__act__1980.pdf,0
0968db51-29d7-4563-84d5-df3a1ef17e05,247866.pdf,"the Forest (Conservation) Act, 1980",8f58f211-fd1a-412d-9a6b-65785b90ec56; 96d8318d-2087-4b13-8e79-5519a408092a,ind3172.pdf; the_forest__conservation__act__1980.pdf,1
0bf4ebdc-2524-446a-bf3e-14acee5808e7,fc-guidelines-110909.pdf,"Forest

(Conservation) Act, 1980",8f58f211-fd1a-412d-9a6b-65785b90ec56; 96d8318d-2087-4b13-8e79-5519a408092a,ind3172.pdf; the_forest__conservation__act__1980.pdf,0
0cb9272f-a2d2-44ae-9e6d-127b8f030b4c,Revised draft Policy on Inspection_ Verification_ Monitoring and Overall Procedure Relating to_ Grant of Forest Clearances and Identification of Forests. 2014.pdf,"Forest (Conservation) Act, 1980",8f58f211-fd1a-412d-9a6b-65785b90ec56; 96d8318d-2087-4b13-8e79-5519a408092a,ind3172.pdf; the_forest__conservation__act__1980.pdf,1
0d1e1202-b42e-4e1c-811a-8c2e69444111,Guidelines on the Accredited Compensatory Afforestation 24.01.2023.pdf,"the Forest (Conservation) Act, 1980",8f58f211-fd1a-412d-9a6b-65785b90ec56; 96d8318d-2087-4b13-8e79-5519a408092a,ind3172.pdf; the_forest__conservation__act__1980.pdf,1
0f94a35a-5f6f-4ef8-9645-7d2af2380320,W.P _ c_ 1164 of 2023 S.C.docx,"Forest (Conservation)Act,1980",8f58f211-fd1a-412d-9a6b-65785b90ec56; 96d8318d-2087-4b13-8e79-5519a408092a,ind3172.pdf; the_forest__conservation__act__1980.pdf,0
10cb9ff1-56ed-4be1-8650-aa47fc8083d6,Clarification on -Dictionary meaning of forest 05.12.2019.pdf,"Forest (Conservation) Act, 1980",8f58f211-fd1a-412d-9a6b-65785b90ec56; 96d8318d-2087-4b13-8e79-5519a408092a,ind3172.pdf; the_forest__conservation__act__1980.pdf,0
10df6dca-b3df-4764-bdac-bc6334cc2584,Clarification on the provisions of raising CA 13.06.2023.pdf,"Forest (Conservation) Act, 1980",8f58f211-fd1a-412d-9a6b-65785b90ec56; 96d8318d-2087-4b13-8e79-5519a408092a,ind3172.pdf; the_forest__conservation__act__1980.pdf,0
1147276d-2151-4e21-8307-702ee5adee8f,Guidelines for conducting Cost Benefit Analysis for projects involving diversion of forest land under the provisions of the FC Act_ 1980 01.08.2017.pdf,"the Forest (Conservation) Act, 1980",8f58f211-fd1a-412d-9a6b-65785b90ec56; 96d8318d-2087-4b13-8e79-5519a408092a,ind3172.pdf; the_forest__conservation__act__1980.pdf,0
126d134c-5934-4b93-b2a8-75582961c564,Clarifications on the process of approval involved VSES WLP Linear 01.10.24.pdf,"the Forest (Conservation) Amendment Act, 2023",0968db51-29d7-4563-84d5-df3a1ef17e05; 18073af1-0a38-4941-a47e-9a80d45a9c11,247866.pdf; FCAmendmentAct2023.pdf,0
1293b984-3b54-4421-8d8f-f62001bab469,Guidelines for collection of NPV 16.03.2016.docx,"the Forest

(Conservation) Act, 1980",8f58f211-fd1a-412d-9a6b-65785b90ec56; 96d8318d-2087-4b13-8e79-5519a408092a,ind3172.pdf; the_forest__conservation__act__1980.pdf,0
13b1cac5-059d-430d-a738-92a8d5876c78,Felling permission of trees in ESZ of Protected area 29.09.2016.docx,"the Forest (Conservation) Act, 1980",8f58f211-fd1a-412d-9a6b-65785b90ec56; 96d8318d-2087-4b13-8e79-5519a408092a,ind3172.pdf; the_forest__conservation__act__1980.pdf,1
14f20766-7b6e-4f65-bd00-78edaa430c47,CLB8BD_1.PDF,"the Forest (Conservation) Act, 1980",8f58f211-fd1a-412d-9a6b-65785b90ec56; 96d8318d-2087-4b13-8e79-5519a408092a,ind3172.pdf; the_forest__conservation__act__1980.pdf,0
152b54e4-ee75-40ef-821f-0a789464bf69,HANDBOOK_GUIDELINES18_03_2019.pdf,"Forest (Conservation) Act, 1980",8f58f211-fd1a-412d-9a6b-65785b90ec56; 96d8318d-2087-4b13-8e79-5519a408092a,ind3172.pdf; the_forest__conservation__act__1980.pdf,0
18073af1-0a38-4941-a47e-9a80d45a9c11,FCAmendmentAct2023.pdf,"the Forest (Conservation) Act, 1980",8f58f211-fd1a-412d-9a6b-65785b90ec56; 96d8318d-2087-4b13-8e79-5519a408092a,ind3172.pdf; the_forest__conservation__act__1980.pdf,0
1bbb8f21-e8b3-428c-bfd0-2a893d909450,ensuring compliance of FRA during 2013.pdf,"the Forest (Conservation) Act,1980",8f58f211-fd1a-412d-9a6b-65785b90ec56; 96d8318d-2087-4b13-8e79-5519a408092a,ind3172.pdf; the_forest__conservation__act__1980.pdf,0
1c243db8-8652-438d-ac39-400477c7c8dd,Clarification on the mining proposals involving change in the land use 26.12.24.pdf,"Forest Conservation Act,1980",8f58f211-fd1a-412d-9a6b-65785b90ec56; 96d8318d-2087-4b13-8e79-5519a408092a,ind3172.pdf; the_forest__conservation__act__1980.pdf,0
1e3e8e78-2951-48ce-bd5c-6bf5d24c5556,Simplified procedure for grant of permission for felling of trees standing on forest land to be diverted for execution of linear projects 27.09.2017.pdf,the Forest (Conservation) Act 1980,8f58f211-fd1a-412d-9a6b-65785b90ec56; 96d8318d-2087-4b13-8e79-5519a408092a,ind3172.pdf; the_forest__conservation__act__1980.pdf,0
1f7c8a86-28a4-43eb-a3fc-542be8f3e848,changing status of forest land to revenue land in case of voluntary relocation of villages 20.05.2019.pdf,"Forest (Conservation) Act, 1980",8f58f211-fd1a-412d-9a6b-65785b90ec56; 96d8318d-2087-4b13-8e79-5519a408092a,ind3172.pdf; the_forest__conservation__act__1980.pdf,2
2041b954-ae66-44d9-b05f-a5bc1df305e2,UIDELI_1.PDF,"the Forest (Conservation) Act, 1980",8f58f211-fd1a-412d-9a6b-65785b90ec56; 96d8318d-2087-4b13-8e79-5519a408092a,ind3172.pdf; the_forest__conservation__act__1980.pdf,0
21982e06-4895-4024-84f5-4706998161cd,14TFCR_2003.pdf,"the Forest

(Conservation) Act,1980",8f58f211-fd1a-412d-9a6b-65785b90ec56; 96d8318d-2087-4b13-8e79-5519a408092a,ind3172.pdf; the_forest__conservation__act__1980.pdf,0
21c81491-9d51-4823-b696-4a73e7330792,APPROV_1.PDF,"the Forest

(Conservation) Act, 1980",8f58f211-fd1a-412d-9a6b-65785b90ec56; 96d8318d-2087-4b13-8e79-5519a408092a,ind3172.pdf; the_forest__conservation__act__1980.pdf,0
21ea4fee-e0dc-4fa3-b2bc-78b8a0f41d88,Guidelines under Forest _Conservation_ Act_ 1980_ in pursuance of the -The Mineral Laws _Amendment_ Act_ 2020 10.11.20.pdf,"Forest (Conservation) Act, 1980",8f58f211-fd1a-412d-9a6b-65785b90ec56; 96d8318d-2087-4b13-8e79-5519a408092a,ind3172.pdf; the_forest__conservation__act__1980.pdf,0
24e2c595-48e3-448b-b549-f77101e5bf10,General approval LWE District 25.02.2016.docx,"the Forest (Conservation) Act, 1980",8f58f211-fd1a-412d-9a6b-65785b90ec56; 96d8318d-2087-4b13-8e79-5519a408092a,ind3172.pdf; the_forest__conservation__act__1980.pdf,0
25cf7004-77fb-4fa9-b8fd-90a447f86971,docs_Consolidated Guidelines -Handbook -2023 PDF.pdf,"the Forest (Conservation) Act, 1980",8f58f211-fd1a-412d-9a6b-65785b90ec56; 96d8318d-2087-4b13-8e79-5519a408092a,ind3172.pdf; the_forest__conservation__act__1980.pdf,50
261d9d37-4247-4073-8c65-3e03b442d423,Establishment of Elephant Rescue and Rehabilitation Centre in Sarguja Forest Division_ Chhattisgarh 30.05.2017.pdf,ForestConservation Act 1980,8f58f211-fd1a-412d-9a6b-65785b90ec56; 96d8318d-2087-4b13-8e79-5519a408092a,ind3172.pdf; the_forest__conservation__act__1980.pdf,0
28697147-e8bd-43cf-8643-948ead45fab2,1340429546_15-7-2004.docx,"the Forest (Conservation) Act, 1980",8f58f211-fd1a-412d-9a6b-65785b90ec56; 96d8318d-2087-4b13-8e79-5519a408092a,ind3172.pdf; the_forest__conservation__act__1980.pdf,0
2955d429-424b-4be8-891f-d6989d88e999,Common guideline to be followed by FAC REC while considering the proposal under Forest _Conservation_ Act_ 1980. 29.01.2018-.pdf,Forest ConservationAct 1980,8f58f211-fd1a-412d-9a6b-65785b90ec56; 96d8318d-2087-4b13-8e79-5519a408092a,ind3172.pdf; the_forest__conservation__act__1980.pdf,0
2de7c9ef-7173-4ee1-a92f-a84528e24c38,CREATI_1.PDF,"the Forest (Conservation) Act, 1980",8f58f211-fd1a-412d-9a6b-65785b90ec56; 96d8318d-2087-4b13-8e79-5519a408092a,ind3172.pdf; the_forest__conservation__act__1980.pdf,0
35979eb1-52d1-4a8e-add2-e3611bd19c07,Extended Reach Drilling _ERD_ Technology and the applicability 12.09.2023.pdf,"the Forest (Conservation) Act, 1980",8f58f211-fd1a-412d-9a6b-65785b90ec56; 96d8318d-2087-4b13-8e79-5519a408092a,ind3172.pdf; the_forest__conservation__act__1980.pdf,0
3a3762ca-c7a6-4952-9780-8f06a4d909f5,1202641178_21-12-2004.docx,"the Forest (Conservation) Act,, 1980",8f58f211-fd1a-412d-9a6b-65785b90ec56; 96d8318d-2087-4b13-8e79-5519a408092a,ind3172.pdf; the_forest__conservation__act__1980.pdf,1
407751bc-c502-4196-bc94-d0152eef350a,Modification in the conditions stipulated in the approval granted under FC Act 1980 17.03.2023.pdf,"the Forest (Conservation) Act, 1980",8f58f211-fd1a-412d-9a6b-65785b90ec56; 96d8318d-2087-4b13-8e79-5519a408092a,ind3172.pdf; the_forest__conservation__act__1980.pdf,0
41072258-0c0b-4b54-9b75-c2f7db57f99d,safety zone afforestation.docx,"the Forest (Conservation) Act, 1980",8f58f211-fd1a-412d-9a6b-65785b90ec56; 96d8318d-2087-4b13-8e79-5519a408092a,ind3172.pdf; the_forest__conservation__act__1980.pdf,0
438d04c4-0c9c-4ea1-901d-3e9b0669c535,ensuring compliance of the Schedule Tribes and Other Traditional Forest Dwellers _Recognition of Forest Right_ Act-2006 23.09.2017.pdf,"the Forest (Conservation) Act,1980",8f58f211-fd1a-412d-9a6b-65785b90ec56; 96d8318d-2087-4b13-8e79-5519a408092a,ind3172.pdf; the_forest__conservation__act__1980.pdf,0
448632da-3f30-4363-8e87-e6ddee28f931,guidelines on FC act 25.11.1994.pdf,"the Forest (Conservation) Act, 1980",8f58f211-fd1a-412d-9a6b-65785b90ec56; 96d8318d-2087-4b13-8e79-5519a408092a,ind3172.pdf; the_forest__conservation__act__1980.pdf,0
46da747a-a665-4906-9e67-de145042f007,Upgradation widening of roads_ constructed prior to 1980 15.03.2023.pdf,"the Forest (Conservation) Act, 1980",8f58f211-fd1a-412d-9a6b-65785b90ec56; 96d8318d-2087-4b13-8e79-5519a408092a,ind3172.pdf; the_forest__conservation__act__1980.pdf,0
47f2375e-cc31-4f15-9d3a-3b71c2d02096,FCAmendment2023-date of enactment.pdf,"the Forest

(Conservation) Amendment Act, 2023",0968db51-29d7-4563-84d5-df3a1ef17e05; 18073af1-0a38-4941-a47e-9a80d45a9c11,247866.pdf; FCAmendmentAct2023.pdf,0
48595f32-c7c8-4d28-882c-e0f4dc67e558,inclusion of guidelines related to Tripatite Agreement for reafforestation and rehabilitation of degraded forest land 26.08.2019.pdf,"the Forest (Conservation) Act, 1980",8f58f211-fd1a-412d-9a6b-65785b90ec56; 96d8318d-2087-4b13-8e79-5519a408092a,ind3172.pdf; the_forest__conservation__act__1980.pdf,0
4af5dcf1-92cf-474c-aa1a-b37482a9028e,1022033821_14-9-2004.docx,"Forest (Conservation) Act, 1980",8f58f211-fd1a-412d-9a6b-65785b90ec56; 96d8318d-2087-4b13-8e79-5519a408092a,ind3172.pdf; the_forest__conservation__act__1980.pdf,0
4beecac4-34e1-49ce-9ba2-6e26c95bbc34,clarification on para 2.8 of guidelines 2013.pdf,"the Forest

(Conservation) Act, 1980",8f58f211-fd1a-412d-9a6b-65785b90ec56; 96d8318d-2087-4b13-8e79-5519a408092a,ind3172.pdf; the_forest__conservation__act__1980.pdf,0
4cd8f7b9-e8d1-469f-a75f-b91077f43c64,1722144502_4-10-2004.docx,"Forest (Conservation) Act, 1980",8f58f211-fd1a-412d-9a6b-65785b90ec56; 96d8318d-2087-4b13-8e79-5519a408092a,ind3172.pdf; the_forest__conservation__act__1980.pdf,0
4d2addfb-9095-47a6-a366-a672451c25eb,Transfer of approvals granted 21.09.2023.pdf,"the Forest (Conservation) Act, 1980",8f58f211-fd1a-412d-9a6b-65785b90ec56; 96d8318d-2087-4b13-8e79-5519a408092a,ind3172.pdf; the_forest__conservation__act__1980.pdf,0
4e8b5cdf-8d76-47b2-ace2-c83da241533c,Clarification on use of forest land for residential purposes etc_ under the provisions of Forest _Conservation_ Act_ 1980 24.01.2022.pdf,"Forest (Conservation) Act, 1980",8f58f211-fd1a-412d-9a6b-65785b90ec56; 96d8318d-2087-4b13-8e79-5519a408092a,ind3172.pdf; the_forest__conservation__act__1980.pdf,0
4f9508f2-9605-48b8-a441-c86003bae536,1353525669_guideline.docx,"the Forest (Conservation) Act, 1980",8f58f211-fd1a-412d-9a6b-65785b90ec56; 96d8318d-2087-4b13-8e79-5519a408092a,ind3172.pdf; the_forest__conservation__act__1980.pdf,0
500e4d2c-9350-4359-aa86-665959ed4dbd,Submission of proposals to obtain approval entire forest land mining lease 20.06.2016.docx,"the Forest (Conservation) Act, 1980",8f58f211-fd1a-412d-9a6b-65785b90ec56; 96d8318d-2087-4b13-8e79-5519a408092a,ind3172.pdf; the_forest__conservation__act__1980.pdf,0
52e8bb8e-6258-4b80-924c-37060e2f6bd2,Clarification on guideline dated 01.04.2015 and 01.05.2015 issued by this ministry regarding extension of period of validity 20.09.2017.pdf,"the Forest (Conservation) Act, 1980",8f58f211-fd1a-412d-9a6b-65785b90ec56; 96d8318d-2087-4b13-8e79-5519a408092a,ind3172.pdf; the_forest__conservation__act__1980.pdf,0
531bace7-f07f-4341-b421-4214adb4345d,0_0_91119124212151Checklist.pdf,"forest (Conservation) Act, 1980",8f58f211-fd1a-412d-9a6b-65785b90ec56; 96d8318d-2087-4b13-8e79-5519a408092a,ind3172.pdf; the_forest__conservation__act__1980.pdf,6
56fe502b-c031-4e14-948b-d3be1f42bb83,Forest _Conservation_ Rules_ 1981 _as amended up to May 1992_.pdf,"the Forest

(Conservation) Act, 1980",8f58f211-fd1a-412d-9a6b-65785b90ec56; 96d8318d-2087-4b13-8e79-5519a408092a,ind3172.pdf; the_forest__conservation__act__1980.pdf,0
57043465-e496-4d58-8731-8c0ca112fd5f,Provisions and guidelines on compensatory afforestation 21.08.2023.pdf,"the Forest (Conservation) Act, 1980",8f58f211-fd1a-412d-9a6b-65785b90ec56; 96d8318d-2087-4b13-8e79-5519a408092a,ind3172.pdf; the_forest__conservation__act__1980.pdf,1
57eaba52-3836-4359-bee0-d68d3de9436d,diversion of forest land for non-forestry purpose under Forest _Conservation_Act_ 1980 for establishment construction of Zoo 30.09.2018.pdf,"Forest

(Conservation) Act, 1980",8f58f211-fd1a-412d-9a6b-65785b90ec56; 96d8318d-2087-4b13-8e79-5519a408092a,ind3172.pdf; the_forest__conservation__act__1980.pdf,0
5a92b908-c096-40cb-aa71-8fd62d2f6f04,Notification of the Forest _Conservation_ Rules_ 2022 29.06.22.pdf,"the Forest

(Conservation) Act, 1980",8f58f211-fd1a-412d-9a6b-65785b90ec56; 96d8318d-2087-4b13-8e79-5519a408092a,ind3172.pdf; the_forest__conservation__act__1980.pdf,157
5aba813a-503e-4491-8554-6a0b64d11d57,THE COMPENSATORY AFFORESTATION FUND ACT_ 2016.pdf,"the Forest (Conservation) Act, 1980",8f58f211-fd1a-412d-9a6b-65785b90ec56; 96d8318d-2087-4b13-8e79-5519a408092a,ind3172.pdf; the_forest__conservation__act__1980.pdf,0
5bc99229-74d0-4c9e-a621-96b1795455fd,Forest _Conservation_ Rules_ 2003.pdf,"the Forest (Conservation) Act, 1980",8f58f211-fd1a-412d-9a6b-65785b90ec56; 96d8318d-2087-4b13-8e79-5519a408092a,ind3172.pdf; the_forest__conservation__act__1980.pdf,0
5ce598b8-ee20-42f2-ae2a-7eb57dbb8d4e,Guidelines under Forest _Conservation_ Act_ 1980_ in pursuance of the -The Mineral Laws _Amendment_ Act_ 2020 31.03.2020.pdf,"Forest (Conservation) Act, 1980",8f58f211-fd1a-412d-9a6b-65785b90ec56; 96d8318d-2087-4b13-8e79-5519a408092a,ind3172.pdf; the_forest__conservation__act__1980.pdf,0
5d01f16d-0df3-4098-a4a7-f482889a889a,Maintenance of Safety Zone 04.12.2023.pdf,"Forest (Conservation) Act, 1980",8f58f211-fd1a-412d-9a6b-65785b90ec56; 96d8318d-2087-4b13-8e79-5519a408092a,ind3172.pdf; the_forest__conservation__act__1980.pdf,0
5e7645d0-38a8-4d3e-b976-756198e8ac2a,Review of cases pending beyond timelines in the digitized services of MoEF 22.03.2017.docx,"Forest Conservation Act, 1980",8f58f211-fd1a-412d-9a6b-65785b90ec56; 96d8318d-2087-4b13-8e79-5519a408092a,ind3172.pdf; the_forest__conservation__act__1980.pdf,0
5ed2ed41-989b-48d5-a62a-36edc93c5be0,Clarifications on projects requiring prior approval of Standing Committee of NBWL _SC-NBWL_ under the provisions of Wildlife _Protection_ Act_ 1972 24.04.20.pdf,"Forest (Conservation) Act, 1980",8f58f211-fd1a-412d-9a6b-65785b90ec56; 96d8318d-2087-4b13-8e79-5519a408092a,ind3172.pdf; the_forest__conservation__act__1980.pdf,0
5eec62d7-aafb-4e97-8f2f-d3e8de1824d5,Simplified version of the Van _Sanrakshan Evam Samvardhan_ Adhiniyam_ 1980 and Forest _Conservation_ Amendment Act_ 2023 -dated 11.07.2025.pdf,"Forest (Conservation) Amendment Act, 2023",0968db51-29d7-4563-84d5-df3a1ef17e05; 18073af1-0a38-4941-a47e-9a80d45a9c11,247866.pdf; FCAmendmentAct2023.pdf,0
5eec62d7-aafb-4e97-8f2f-d3e8de1824d5,Simplified version of the Van _Sanrakshan Evam Samvardhan_ Adhiniyam_ 1980 and Forest _Conservation_ Amendment Act_ 2023 -dated 11.07.2025.pdf,"the Forest (Conservation) Act, 1980",8f58f211-fd1a-412d-9a6b-65785b90ec56; 96d8318d-2087-4b13-8e79-5519a408092a,ind3172.pdf; the_forest__conservation__act__1980.pdf,5
5f38e093-cad3-4caa-abd9-2d2571989c0e,guidelines-LWE-dated-3.11.2010-general approval.pdf,"Forest (Conservation) Act, 1980",8f58f211-fd1a-412d-9a6b-65785b90ec56; 96d8318d-2087-4b13-8e79-5519a408092a,ind3172.pdf; the_forest__conservation__act__1980.pdf,0
5fa208f9-0af6-4e5b-b721-932347dcbd70,Guidelines-LWE-05-01-2013.pdf,"the Forest (Conservation) Act, 1980",8f58f211-fd1a-412d-9a6b-65785b90ec56; 96d8318d-2087-4b13-8e79-5519a408092a,ind3172.pdf; the_forest__conservation__act__1980.pdf,0
601faa99-210e-4c80-bb89-938922d92ad0,Forest Rights Act 2006 and guidelines.pdf,"the Forest (Conservation) Act, 1980",8f58f211-fd1a-412d-9a6b-65785b90ec56; 96d8318d-2087-4b13-8e79-5519a408092a,ind3172.pdf; the_forest__conservation__act__1980.pdf,4
608a16f4-c7ce-4ad7-8335-dafe6c1a63ac,WRIT PETITION _CIVIL_ NO.202 OF 1995- T N Godavarman Judgement_24-Jan-2024.pdf,"the Forest (Conservation) Act, 1980",8f58f211-fd1a-412d-9a6b-65785b90ec56; 96d8318d-2087-4b13-8e79-5519a408092a,ind3172.pdf; the_forest__conservation__act__1980.pdf,2
60a3f218-a47a-481a-974f-a0970e2c18c1,4-7-2014-4-fencing-of-sefety-zone.pdf,"the Forest (Conservation) Act, 1980",8f58f211-fd1a-412d-9a6b-65785b90ec56; 96d8318d-2087-4b13-8e79-5519a408092a,ind3172.pdf; the_forest__conservation__act__1980.pdf,0
66cf5220-189f-415f-891c-9f998c1c734c,Identification of Land Bank for Compensatory Afforestation 08.11.2017.pdf,Forest Conservation Act 1980,8f58f211-fd1a-412d-9a6b-65785b90ec56; 96d8318d-2087-4b13-8e79-5519a408092a,ind3172.pdf; the_forest__conservation__act__1980.pdf,0
66ec7da0-8968-4dee-8d43-811f68f8e751,3rdAugust2009-FRA compliance.pdf,"Forest (Conservation) Act, 1980",8f58f211-fd1a-412d-9a6b-65785b90ec56; 96d8318d-2087-4b13-8e79-5519a408092a,ind3172.pdf; the_forest__conservation__act__1980.pdf,0
6707fb7a-13d7-4f32-88cb-fbfac723872b,Construction of rope ways in the Hilly States of the Country 29.11.24.pdf,"the Forest (Conservation) Act, 1980",8f58f211-fd1a-412d-9a6b-65785b90ec56; 96d8318d-2087-4b13-8e79-5519a408092a,ind3172.pdf; the_forest__conservation__act__1980.pdf,1
6cc634bf-20a3-4027-8a34-6610e0e23490,Amendments of Para 4.4.3 of Chapter-4 of the Guidelines given under the Handbook of the Forest _Conservation_ Act_ 1980 13.09.2019.pdf,"the Forest (Conservation) Act, 1980",8f58f211-fd1a-412d-9a6b-65785b90ec56; 96d8318d-2087-4b13-8e79-5519a408092a,ind3172.pdf; the_forest__conservation__act__1980.pdf,0
6fc24079-c509-4b31-b7c9-8961aab62304,fc-18012013.pdf,"the Forest

(Conservation) Act, 1980",8f58f211-fd1a-412d-9a6b-65785b90ec56; 96d8318d-2087-4b13-8e79-5519a408092a,ind3172.pdf; the_forest__conservation__act__1980.pdf,0
7055fc9b-2f5d-4de1-bb51-262696c4eb5a,guidelines-revision of para 4.4 -21.03.11.docx,"Forest (Conservation) Act, 1980",8f58f211-fd1a-412d-9a6b-65785b90ec56; 96d8318d-2087-4b13-8e79-5519a408092a,ind3172.pdf; the_forest__conservation__act__1980.pdf,0
70582a7f-9df2-4168-9698-1cbe5e1069ea,Mining leases _ML_ applications MMDR Act 08.02.2017.docx,Forest Conservation Act 1980,8f58f211-fd1a-412d-9a6b-65785b90ec56; 96d8318d-2087-4b13-8e79-5519a408092a,ind3172.pdf; the_forest__conservation__act__1980.pdf,0
73d1a272-4d02-404e-9fc4-9e8782a054e0,Guidelines for using the afforestation raised over GCP 16.09.25.pdf,"the Forest (Conservation) Act, 1980",8f58f211-fd1a-412d-9a6b-65785b90ec56; 96d8318d-2087-4b13-8e79-5519a408092a,ind3172.pdf; the_forest__conservation__act__1980.pdf,1
75a880a2-99b9-45f9-93d9-3babe9f26e2f,PREREQ_1.PDF,"Forest (Conservation) Act, 1980",8f58f211-fd1a-412d-9a6b-65785b90ec56; 96d8318d-2087-4b13-8e79-5519a408092a,ind3172.pdf; the_forest__conservation__act__1980.pdf,0
75c486d9-11d1-400d-92e5-76f7b5879831,survey investigation prospecting guidelines 2010.pdf,"Forest (Conservation) Act, 1980",8f58f211-fd1a-412d-9a6b-65785b90ec56; 96d8318d-2087-4b13-8e79-5519a408092a,ind3172.pdf; the_forest__conservation__act__1980.pdf,0
76067c7f-6599-48ce-8c40-47578013be65,Acceptance of reclaimed non-forest land _biological and under technical reclamation_ by CIL and its subsidiaries for the purpose of CA 17.10.2019.pdf,"the Forest (Conservation) Act, 1980",8f58f211-fd1a-412d-9a6b-65785b90ec56; 96d8318d-2087-4b13-8e79-5519a408092a,ind3172.pdf; the_forest__conservation__act__1980.pdf,0
76778a7d-6f06-4052-9bfb-71847ce03dcd,New Lessee-Lumpsum 7.5 lakh.pdf,"Forest (Conservation) Act, 1980",8f58f211-fd1a-412d-9a6b-65785b90ec56; 96d8318d-2087-4b13-8e79-5519a408092a,ind3172.pdf; the_forest__conservation__act__1980.pdf,0
76fee20e-dcb9-48b5-83d6-df5bc3f246cc,FCAmendment2023.pdf,"the Forest

(Conservation) Amendment Act, 2023",0968db51-29d7-4563-84d5-df3a1ef17e05; 18073af1-0a38-4941-a47e-9a80d45a9c11,247866.pdf; FCAmendmentAct2023.pdf,0
77738cc0-2153-47ad-b927-45fe62477776,Issue pertaining to the State Forest Department in execution of doubling of Railway Line between Hatia and Bondamunda 17.01.2020.pdf,"Forest (Conservation) Act, 1980",8f58f211-fd1a-412d-9a6b-65785b90ec56; 96d8318d-2087-4b13-8e79-5519a408092a,ind3172.pdf; the_forest__conservation__act__1980.pdf,0
78e794c0-ce3d-4f68-b2b4-e846a51f82fa,simplified procedure renewal of mining lease 2013.pdf,the Forest (Conservation) Act 1980,8f58f211-fd1a-412d-9a6b-65785b90ec56; 96d8318d-2087-4b13-8e79-5519a408092a,ind3172.pdf; the_forest__conservation__act__1980.pdf,0
7a052d97-7d98-4144-a0ef-a85b39ad4f90,Submission of proposals to obtain appoval mining lease 30.11.2016.pdf,the Forest (Conservation) Act 1980,8f58f211-fd1a-412d-9a6b-65785b90ec56; 96d8318d-2087-4b13-8e79-5519a408092a,ind3172.pdf; the_forest__conservation__act__1980.pdf,0
7dc99a35-7694-492d-9ffd-29c2bda8e1cb,fc-guidlines-2011-requirement of differential gps total station survey.pdf,"Forest

(Conservation) Act, 1980",8f58f211-fd1a-412d-9a6b-65785b90ec56; 96d8318d-2087-4b13-8e79-5519a408092a,ind3172.pdf; the_forest__conservation__act__1980.pdf,0
7e14225a-fb21-40d5-8c53-2c722b893006,Temporary use of Forest land and application of FC Act_ 1980 11.10.2019.pdf,"Forest (Conservation) Act, 1980",8f58f211-fd1a-412d-9a6b-65785b90ec56; 96d8318d-2087-4b13-8e79-5519a408092a,ind3172.pdf; the_forest__conservation__act__1980.pdf,0
80ee8bd0-9f49-4285-8105-1cbd6b577d09,Forest _Conservation_ Rules_ 2022 Draft guidelines on the Accredited Compensatory Afforestation 15.09.22.pdf,"the Forest

(Conservation) Act, 1980",8f58f211-fd1a-412d-9a6b-65785b90ec56; 96d8318d-2087-4b13-8e79-5519a408092a,ind3172.pdf; the_forest__conservation__act__1980.pdf,1
81e45d03-eb50-4320-a91a-1dceb29ce47d,Submission of proposals to obtain approval mining lease 31.03.2016 _2_.docx,the Forest (Conservation) Act 1980,8f58f211-fd1a-412d-9a6b-65785b90ec56; 96d8318d-2087-4b13-8e79-5519a408092a,ind3172.pdf; the_forest__conservation__act__1980.pdf,0
83ca8f42-9ab6-40e3-8093-86d4d8975278,Guidelines related to re-grassing of mining leases after ceasing mining activities 14.01.20.pdf,"the Forest (Conservation) Act, 1980",8f58f211-fd1a-412d-9a6b-65785b90ec56; 96d8318d-2087-4b13-8e79-5519a408092a,ind3172.pdf; the_forest__conservation__act__1980.pdf,0
84e158bc-f36a-4060-a960-7c5e338d24e6,FAQ_FC.docx,"the Forest (Conservation) Act, 1980",8f58f211-fd1a-412d-9a6b-65785b90ec56; 96d8318d-2087-4b13-8e79-5519a408092a,ind3172.pdf; the_forest__conservation__act__1980.pdf,10
863ee0b7-4ced-4789-8379-7727508e2eb7,Writ Petition _Civil_ No 1164 of 2023-Feb 2024-Ashok Sharma.pdf,the Forest Conservation Act 1980,8f58f211-fd1a-412d-9a6b-65785b90ec56; 96d8318d-2087-4b13-8e79-5519a408092a,ind3172.pdf; the_forest__conservation__act__1980.pdf,0
863ee0b7-4ced-4789-8379-7727508e2eb7,Writ Petition _Civil_ No 1164 of 2023-Feb 2024-Ashok Sharma.pdf,the Forest Conservation Amendment Act 2023,0968db51-29d7-4563-84d5-df3a1ef17e05; 18073af1-0a38-4941-a47e-9a80d45a9c11,247866.pdf; FCAmendmentAct2023.pdf,2
86ec7f0a-9652-4f73-8cc3-2663a035ac62,Guidelines while processing and or approving proposals forest and non-forest 30.09.2016.docx,"the Forest (Conservation) Act, 1980",8f58f211-fd1a-412d-9a6b-65785b90ec56; 96d8318d-2087-4b13-8e79-5519a408092a,ind3172.pdf; the_forest__conservation__act__1980.pdf,0
8766e22d-550a-48cf-9df6-9e7e673a356d,fc-guidelines-01-02-13 non availability of CA Land.pdf,"the Forest(Conservation) Act, 1980",8f58f211-fd1a-412d-9a6b-65785b90ec56; 96d8318d-2087-4b13-8e79-5519a408092a,ind3172.pdf; the_forest__conservation__act__1980.pdf,0
887188bd-545b-40f6-97f4-a9f4bb90ade1,Processing of proposals involving violation FC Act 1980 15.05.2023.pdf,"Forest (Conservation) Act, 1980",8f58f211-fd1a-412d-9a6b-65785b90ec56; 96d8318d-2087-4b13-8e79-5519a408092a,ind3172.pdf; the_forest__conservation__act__1980.pdf,0
88fb8e0a-8c97-4b22-bd5a-6a89b4411b3b,Streamlining the process of approval under the FC Act Optical Fibre 10.07.2023.pdf,"the Forest (Conservation) Act, 1980",8f58f211-fd1a-412d-9a6b-65785b90ec56; 96d8318d-2087-4b13-8e79-5519a408092a,ind3172.pdf; the_forest__conservation__act__1980.pdf,0
8b3b4d12-a746-4b31-8e94-1b7855d5699a,Applicability of the Forest _Conservation_ Rules_ 2022 18.07.22.pdf,"the Forest (Conservation) Act,

1980",8f58f211-fd1a-412d-9a6b-65785b90ec56; 96d8318d-2087-4b13-8e79-5519a408092a,ind3172.pdf; the_forest__conservation__act__1980.pdf,0
8b46f5c8-e321-4604-9a68-27689ee2fe8b,CL0596_1.PDF,"the Forest

(Conservation) Act, 1980",8f58f211-fd1a-412d-9a6b-65785b90ec56; 96d8318d-2087-4b13-8e79-5519a408092a,ind3172.pdf; the_forest__conservation__act__1980.pdf,0
8bf8303e-eab0-451d-873a-36420210c12a,Guidelines FC Act 1980 clarification Seismic Survey 03.03.2016.docx,"the Forest (Conservation) Act, 1980",8f58f211-fd1a-412d-9a6b-65785b90ec56; 96d8318d-2087-4b13-8e79-5519a408092a,ind3172.pdf; the_forest__conservation__act__1980.pdf,0
8daa4427-b92a-4251-a1bb-12d01bc1de31,GU1909_1.PDF,"Forest (Conservation) Act, 1980",8f58f211-fd1a-412d-9a6b-65785b90ec56; 96d8318d-2087-4b13-8e79-5519a408092a,ind3172.pdf; the_forest__conservation__act__1980.pdf,0
8dbd8820-f3bf-4a34-9f0a-a5b25bd7b695,Clarification regarding inclusion of Army infrastructure project in the _General approval_ 28.08.2017.pdf,"the Forest (Conservation) Act, 1980",8f58f211-fd1a-412d-9a6b-65785b90ec56; 96d8318d-2087-4b13-8e79-5519a408092a,ind3172.pdf; the_forest__conservation__act__1980.pdf,0
8fb81f1b-ea37-491d-84ff-a8d9c4d7c0cc,1726390021_6-12-2004.docx,"Forest (Conservation) Act, 1980",8f58f211-fd1a-412d-9a6b-65785b90ec56; 96d8318d-2087-4b13-8e79-5519a408092a,ind3172.pdf; the_forest__conservation__act__1980.pdf,0
90a7e7fc-786b-486b-ab27-0367228acaf3,PRIORA_1.PDF,"Forest (Conservation) Act, 1980",8f58f211-fd1a-412d-9a6b-65785b90ec56; 96d8318d-2087-4b13-8e79-5519a408092a,ind3172.pdf; the_forest__conservation__act__1980.pdf,0
91528a69-5f28-4c98-9057-ecf63d8ee9a5,Guidelines under Forest _Conservation_ Act_ 1980_ in pursuance of the -The Mineral Laws _Amendment_ Act_ 2020 08.09.20.pdf,"Forest (Conservation) Act, 1980",8f58f211-fd1a-412d-9a6b-65785b90ec56; 96d8318d-2087-4b13-8e79-5519a408092a,ind3172.pdf; the_forest__conservation__act__1980.pdf,0
934a76de-ff3d-4afe-ac96-a3e8462116f3,provision of transferring equivalent non-forest land by Government Departments for compensatory afforestation 19.01.2017.docx,"the Forest (Conservation) Act, 1980",8f58f211-fd1a-412d-9a6b-65785b90ec56; 96d8318d-2087-4b13-8e79-5519a408092a,ind3172.pdf; the_forest__conservation__act__1980.pdf,0
94a9950b-e821-453d-aabe-025964caf25b,FRA_Sec 3 _2_ -Procedure.pdf,"the Forest (Conservation) Act, 1980",8f58f211-fd1a-412d-9a6b-65785b90ec56; 96d8318d-2087-4b13-8e79-5519a408092a,ind3172.pdf; the_forest__conservation__act__1980.pdf,0
96597c04-4696-458a-be95-dc022a440d76,Repair Maintenance Replacement upgradation works in the Pipeline Network installed prior to Forest _Conservation_ Act_ 1980 23.12.22.pdf,the Forest (Conservation) Act 1980,8f58f211-fd1a-412d-9a6b-65785b90ec56; 96d8318d-2087-4b13-8e79-5519a408092a,ind3172.pdf; the_forest__conservation__act__1980.pdf,0
977ca889-c9a3-4315-9ece-a2f7af231303,CLARIF_2.PDF,"the Forest (Conservation) Act,

1980",8f58f211-fd1a-412d-9a6b-65785b90ec56; 96d8318d-2087-4b13-8e79-5519a408092a,ind3172.pdf; the_forest__conservation__act__1980.pdf,0
993ecf24-f73c-4714-8641-39baab1b0127,Guidelines specific to hydrocarbon sector for undertaking seismic surveys and exploratory drilling in forest areas 30.09.2019.pdf,"the Forest (Conservation) Act, 1980",8f58f211-fd1a-412d-9a6b-65785b90ec56; 96d8318d-2087-4b13-8e79-5519a408092a,ind3172.pdf; the_forest__conservation__act__1980.pdf,0
9a8c1d91-a997-4b6c-9874-acd7d5414f37,Revision of Guidelines for diversion of forest land for non forestry purpose under the forest _Conservation_ Act_ 1980 17.04.2018-.pdf,"the forest (Conservation) Act, 1980",8f58f211-fd1a-412d-9a6b-65785b90ec56; 96d8318d-2087-4b13-8e79-5519a408092a,ind3172.pdf; the_forest__conservation__act__1980.pdf,0
9b387725-1d34-4a7a-acfb-6743db7c51bf,FAQ FC 2021.pdf,"the Forest (Conservation) Act, 1980",8f58f211-fd1a-412d-9a6b-65785b90ec56; 96d8318d-2087-4b13-8e79-5519a408092a,ind3172.pdf; the_forest__conservation__act__1980.pdf,0
9b7492a2-035f-43b5-a8cc-d0008660c2bb,rediversion guidelines 2011.pdf,"the Forest (Conservation) Act, 1980",8f58f211-fd1a-412d-9a6b-65785b90ec56; 96d8318d-2087-4b13-8e79-5519a408092a,ind3172.pdf; the_forest__conservation__act__1980.pdf,0
9e628532-d391-41f9-9c6b-0ce545d34810,identification of Land Bank for Compensatory Afforestation _CA_ 16.11.2018.pdf,"Forest (Conservation) Act, 1980",8f58f211-fd1a-412d-9a6b-65785b90ec56; 96d8318d-2087-4b13-8e79-5519a408092a,ind3172.pdf; the_forest__conservation__act__1980.pdf,0
9ea0d649-bb5d-4c99-b2da-6a4b9ba90437,general approval 2005 guidelines.pdf,"the Forest

(Conservation) Act, 1980",8f58f211-fd1a-412d-9a6b-65785b90ec56; 96d8318d-2087-4b13-8e79-5519a408092a,ind3172.pdf; the_forest__conservation__act__1980.pdf,0
a2027a96-3005-4101-ade8-1cb8ca83799e,Submission of proposal to obtain approval for diversion of entire forest land located within a mining lease regarding clarification in guidelines issued by MoEF _ CC 30.03.17.docx,the Forest (Conservation) Act 1980,8f58f211-fd1a-412d-9a6b-65785b90ec56; 96d8318d-2087-4b13-8e79-5519a408092a,ind3172.pdf; the_forest__conservation__act__1980.pdf,0
a40de47a-5c65-4600-b5b4-068731a14087,fcarules2022.pdf,"the Forest (Conservation) Act, 1980",8f58f211-fd1a-412d-9a6b-65785b90ec56; 96d8318d-2087-4b13-8e79-5519a408092a,ind3172.pdf; the_forest__conservation__act__1980.pdf,0
a4233361-427d-4589-b563-d2e6c60a45e2,Clarification on the Guidelines dated 7.10.2014 and 11.10.2019 issued by the MoEF_CC regarding temporary use of forest land 10.01.20.pdf,"Forest (Conservation) Act, 1980",8f58f211-fd1a-412d-9a6b-65785b90ec56; 96d8318d-2087-4b13-8e79-5519a408092a,ind3172.pdf; the_forest__conservation__act__1980.pdf,0
a4324d37-0ef6-4d1e-9b8a-27448bff8e31,15 January 2015.pdf,"Forest(Conservation)Act,1980",8f58f211-fd1a-412d-9a6b-65785b90ec56; 96d8318d-2087-4b13-8e79-5519a408092a,ind3172.pdf; the_forest__conservation__act__1980.pdf,1
a59ffb1c-0f24-4825-a9bb-ffe07b85adba,Charging of lease rent of Rs. 30_ 000 per MW in respect of Wind Power Projects 26.08.2019.pdf,"the Forest (Conservation) Act, 1980",8f58f211-fd1a-412d-9a6b-65785b90ec56; 96d8318d-2087-4b13-8e79-5519a408092a,ind3172.pdf; the_forest__conservation__act__1980.pdf,0
a7ab525e-4145-4fed-b261-bc8b3fc9218b,GU02E1_1.PDF,"the Forest (Conservation) Act, 1980",8f58f211-fd1a-412d-9a6b-65785b90ec56; 96d8318d-2087-4b13-8e79-5519a408092a,ind3172.pdf; the_forest__conservation__act__1980.pdf,0
aa0f3a7c-e50c-4002-b839-1d0e9f691899,19thAugust2010-prospecting.pdf,"Forest (Conservation) Act, 1980",8f58f211-fd1a-412d-9a6b-65785b90ec56; 96d8318d-2087-4b13-8e79-5519a408092a,ind3172.pdf; the_forest__conservation__act__1980.pdf,0
ab06c2df-a2f3-44cf-8177-d33e8bbb6d88,FRA 2006.pdf,"the Forest (Conservation) Act, 1980",8f58f211-fd1a-412d-9a6b-65785b90ec56; 96d8318d-2087-4b13-8e79-5519a408092a,ind3172.pdf; the_forest__conservation__act__1980.pdf,4
acb5323e-c764-4ddd-8572-8b767d064d64,Submission of Geo-referenced digital data for applications under Forest _Conservation_ Act_ 1980 03.09.2018-.pdf,"the Forest (conservation) Act, 1980",8f58f211-fd1a-412d-9a6b-65785b90ec56; 96d8318d-2087-4b13-8e79-5519a408092a,ind3172.pdf; the_forest__conservation__act__1980.pdf,0
ad017039-6f28-417d-8c2c-fcd357c1f49d,Guidelines for construction of community toilet for benefit people 08.11.2016.docx,"Forest (Conservation) Act, 1980",8f58f211-fd1a-412d-9a6b-65785b90ec56; 96d8318d-2087-4b13-8e79-5519a408092a,ind3172.pdf; the_forest__conservation__act__1980.pdf,0
ad700d04-35a9-4fc4-8b1a-05e26ed58889,MAINTE_1.PDF,"Forest   (Conservation)   Act,   1980",8f58f211-fd1a-412d-9a6b-65785b90ec56; 96d8318d-2087-4b13-8e79-5519a408092a,ind3172.pdf; the_forest__conservation__act__1980.pdf,0
ae212d5b-f262-4904-af45-d9a43c321997,Diversion of private forest land for construction of residential building 27.09.2018.pdf,"Forest (Conservation) Act, 1980",8f58f211-fd1a-412d-9a6b-65785b90ec56; 96d8318d-2087-4b13-8e79-5519a408092a,ind3172.pdf; the_forest__conservation__act__1980.pdf,0
aee8adbc-5748-4d2b-a96c-d075aa3e0ce9,16thJune2011-general approval LWE.pdf,"the Forest (Conservation) Act, 1980",8f58f211-fd1a-412d-9a6b-65785b90ec56; 96d8318d-2087-4b13-8e79-5519a408092a,ind3172.pdf; the_forest__conservation__act__1980.pdf,0
af02dfdb-15ef-4d17-ab81-ca05e3c6ab36,Deposition of fund through online for implementation of CAT plan in more than one instalment for small Hydel Project 03.07.2018-.pdf,"the Forest (Conservation) Act, 1980",8f58f211-fd1a-412d-9a6b-65785b90ec56; 96d8318d-2087-4b13-8e79-5519a408092a,ind3172.pdf; the_forest__conservation__act__1980.pdf,0
afb1a5bc-47f3-4934-b35c-a89984d26395,Date and stage of application of the revised rates of Net Present Value _NPV_ 19.01.2022.pdf,"the Forest (Conservation) Act,

1980",8f58f211-fd1a-412d-9a6b-65785b90ec56; 96d8318d-2087-4b13-8e79-5519a408092a,ind3172.pdf; the_forest__conservation__act__1980.pdf,0
b45099f5-fd1e-4a3e-9abc-8e2be96ed058,Area of forest land falling in the Safety Zone 02.08.2017.pdf,the Forest Conservation Act 1980,8f58f211-fd1a-412d-9a6b-65785b90ec56; 96d8318d-2087-4b13-8e79-5519a408092a,ind3172.pdf; the_forest__conservation__act__1980.pdf,0
b9865c59-7510-4c5c-a081-e11ff9c82401,Applicability of FC Act 1980 and WL Protection Act forest land falling RoW 05.12.2017.pdf,"Forest (Conservation) Act, 1980",8f58f211-fd1a-412d-9a6b-65785b90ec56; 96d8318d-2087-4b13-8e79-5519a408092a,ind3172.pdf; the_forest__conservation__act__1980.pdf,0
bcd9a155-cb79-4a89-a072-03f4d7db5e0c,Recorded as forest and non-forest 30.08.2016.docx,"the Forest (Conservation) Act, 1980",8f58f211-fd1a-412d-9a6b-65785b90ec56; 96d8318d-2087-4b13-8e79-5519a408092a,ind3172.pdf; the_forest__conservation__act__1980.pdf,0
bdeab11f-4a5f-4574-93a6-1019565306d3,Guidelines for laying TL through forest areas 24.10.2016.docx,"the Forest (Conservation) Act, 1980",8f58f211-fd1a-412d-9a6b-65785b90ec56; 96d8318d-2087-4b13-8e79-5519a408092a,ind3172.pdf; the_forest__conservation__act__1980.pdf,0
bee6c926-7a3e-4330-a8d1-7a08f20ab2ac,general approval guidelines january 2005.pdf,"the Forest

(Conservation) Act, 1980",8f58f211-fd1a-412d-9a6b-65785b90ec56; 96d8318d-2087-4b13-8e79-5519a408092a,ind3172.pdf; the_forest__conservation__act__1980.pdf,0
bfa86997-6a91-4288-a0bf-cc55e0a6b8cc,general approval lwe 60 districts december 2012.pdf,"the Forest (Conservation) Act, 1980",8f58f211-fd1a-412d-9a6b-65785b90ec56; 96d8318d-2087-4b13-8e79-5519a408092a,ind3172.pdf; the_forest__conservation__act__1980.pdf,0
c0f0caef-9d28-410a-9894-704279cb2640,Clarification to the Government of Madhya Pradesh regarding permissibility of prospecting in the revenue private land falling in the Biosphere Reserves 18.10.2019.pdf,"the Forest (Conservation) Act, 1980",8f58f211-fd1a-412d-9a6b-65785b90ec56; 96d8318d-2087-4b13-8e79-5519a408092a,ind3172.pdf; the_forest__conservation__act__1980.pdf,0
c24e1cbe-f1d5-427c-a1bd-e80d9f39c23b,Section 2 _iii_ FC Act 1980 filling online form for seeking approval 17.11.2016.docx,"Forest Conservation Act, 1980",8f58f211-fd1a-412d-9a6b-65785b90ec56; 96d8318d-2087-4b13-8e79-5519a408092a,ind3172.pdf; the_forest__conservation__act__1980.pdf,0
c95a66b5-2f0f-497c-b11c-db1bb780d319,Maintenance of Safety Zone along the inner boundary of mining lease 25.09.2023.pdf,"Forest

(Conservation) Act, 1980",8f58f211-fd1a-412d-9a6b-65785b90ec56; 96d8318d-2087-4b13-8e79-5519a408092a,ind3172.pdf; the_forest__conservation__act__1980.pdf,0
ca1ddb51-1c6e-4367-a8bb-50a015f314dd,Exclusion of Ropeway Projects from the ambit of the Forest _Conservation_ Act_ 1980 and payment of NPV 08.05.2019.pdf,"the Forest (Conservation) Act, 1980",8f58f211-fd1a-412d-9a6b-65785b90ec56; 96d8318d-2087-4b13-8e79-5519a408092a,ind3172.pdf; the_forest__conservation__act__1980.pdf,0
cd4f60a3-52fd-4723-9a7f-f56a00ea8a7e,guideline related to general approval for underground laying of optical fibre cables_ underground laying of telephone lines 12.12.2017.pdf,"the Forest (Conservation) Act, 1980",8f58f211-fd1a-412d-9a6b-65785b90ec56; 96d8318d-2087-4b13-8e79-5519a408092a,ind3172.pdf; the_forest__conservation__act__1980.pdf,0
ced1c2ca-bb99-4f1c-b1b8-bbff93263067,1594627703_14-12-204.docx,"the Forest (Conservation) Act, 1980",8f58f211-fd1a-412d-9a6b-65785b90ec56; 96d8318d-2087-4b13-8e79-5519a408092a,ind3172.pdf; the_forest__conservation__act__1980.pdf,0
d03d3c4b-ac58-4f52-bfd2-bf95ae5dab38,general approval guideline 2009.pdf,"Forest

(Conservation) Act, 1980",8f58f211-fd1a-412d-9a6b-65785b90ec56; 96d8318d-2087-4b13-8e79-5519a408092a,ind3172.pdf; the_forest__conservation__act__1980.pdf,0
d24118a2-5ece-4088-8420-2675a41da543,W.P _ c_ 1164 of 2023 Note.docx,"the Forest (Conservation)Act,1980",8f58f211-fd1a-412d-9a6b-65785b90ec56; 96d8318d-2087-4b13-8e79-5519a408092a,ind3172.pdf; the_forest__conservation__act__1980.pdf,0
d6101b70-5af0-4f4d-a271-be9ba644e170,Guidelines for stipulating the norms for survey and investigation _Prospecting of ores_ on forest land 05.09.2018-.pdf,"the Forest (Conservation) Act, 1980",8f58f211-fd1a-412d-9a6b-65785b90ec56; 96d8318d-2087-4b13-8e79-5519a408092a,ind3172.pdf; the_forest__conservation__act__1980.pdf,0
d8097a67-a86e-44e6-a4b9-a2bb43f4eef8,REQUES_1.PDF,"the Forest

(Conservation) Act, 1980",8f58f211-fd1a-412d-9a6b-65785b90ec56; 96d8318d-2087-4b13-8e79-5519a408092a,ind3172.pdf; the_forest__conservation__act__1980.pdf,0
d8783560-3ce5-4c02-8735-1494bf9b0178,PROCES_1.PDF,"the

Forest (Conservation)

Act, 1980",8f58f211-fd1a-412d-9a6b-65785b90ec56; 96d8318d-2087-4b13-8e79-5519a408092a,ind3172.pdf; the_forest__conservation__act__1980.pdf,0
d9d7ca04-1444-459b-baac-98c46cb88ed5,modification para 2.2 and 4.4 january 2023.pdf,"the Forest

(Conservation) Act, 1980",8f58f211-fd1a-412d-9a6b-65785b90ec56; 96d8318d-2087-4b13-8e79-5519a408092a,ind3172.pdf; the_forest__conservation__act__1980.pdf,0
dc03cc8c-6bdd-4318-b3b7-dadce9f31dde,Review of progress of processing the proposals and Site Inspection 22.11.24.pdf,"Forest (Conservation) Act, 1980",8f58f211-fd1a-412d-9a6b-65785b90ec56; 96d8318d-2087-4b13-8e79-5519a408092a,ind3172.pdf; the_forest__conservation__act__1980.pdf,42
dc8fbbd2-6938-479a-b611-aab733ce9e83,All original documents of all the proposals with Ink Sign and Stamp 17.11.2016.docx,"the Forest (Conservation) Act, 1980",8f58f211-fd1a-412d-9a6b-65785b90ec56; 96d8318d-2087-4b13-8e79-5519a408092a,ind3172.pdf; the_forest__conservation__act__1980.pdf,0
dcd6e6d7-b3ce-43e9-af1c-30feed7eb95a,Guidelines FC Act 1980 clarification Seismic Survey 03.03.2016 _1_.docx,"the Forest (Conservation) Act, 1980",8f58f211-fd1a-412d-9a6b-65785b90ec56; 96d8318d-2087-4b13-8e79-5519a408092a,ind3172.pdf; the_forest__conservation__act__1980.pdf,0
de968c37-c7f1-4316-9b14-d73ccfbfe700,Submission of proposals to obtain approval mining lease 31.03.2016.docx,the Forest (Conservation) Act 1980,8f58f211-fd1a-412d-9a6b-65785b90ec56; 96d8318d-2087-4b13-8e79-5519a408092a,ind3172.pdf; the_forest__conservation__act__1980.pdf,0
e312946d-7783-4308-8af3-05f7713f3fa0,Guidelines given under para 5.6 of the Handbook of Forest _Conservation_ Act_ 1980 regarding change in the land use re-diversion of forest land - reg 28.11.22.pdf,"Forest

(Conservation) Act, 1980",8f58f211-fd1a-412d-9a6b-65785b90ec56; 96d8318d-2087-4b13-8e79-5519a408092a,ind3172.pdf; the_forest__conservation__act__1980.pdf,0
e4abd1fd-41de-4705-9044-70356909e365,extending the dispensation to NHIDCL 19.04.2018-.pdf,"the Forest (Conservation) Act, 1980",8f58f211-fd1a-412d-9a6b-65785b90ec56; 96d8318d-2087-4b13-8e79-5519a408092a,ind3172.pdf; the_forest__conservation__act__1980.pdf,0
e664150a-dbdc-4526-8d18-ad34d49007fb,Processing of proposals pertaining to violation of Forest _Conservation_ Act_ 1980 08.09.22.pdf,"Forest

(Conservation) Act, 1980",8f58f211-fd1a-412d-9a6b-65785b90ec56; 96d8318d-2087-4b13-8e79-5519a408092a,ind3172.pdf; the_forest__conservation__act__1980.pdf,0
e6db9563-7599-4104-b92b-1c4ec090da42,Revision of Guidelines for diversion of forest land for non forestry purpose under the forest _Conservation_ Act_ 1980 17.04.2018.docx,"the forest (Conservation) Act, 1980",8f58f211-fd1a-412d-9a6b-65785b90ec56; 96d8318d-2087-4b13-8e79-5519a408092a,ind3172.pdf; the_forest__conservation__act__1980.pdf,0
e8365713-e66f-4b9f-8302-9ee651ba7946,EC-Standard Operating Procedure for Certified Compliance Report _CCR_.pdf,"Forest (Conservation) Act, 1980",8f58f211-fd1a-412d-9a6b-65785b90ec56; 96d8318d-2087-4b13-8e79-5519a408092a,ind3172.pdf; the_forest__conservation__act__1980.pdf,1
e8b97633-d3c2-47c7-a802-0eb5ffa5b0b5,421280635_23 june 2004.docx,"the Forest (Conservation) Act, 1980",8f58f211-fd1a-412d-9a6b-65785b90ec56; 96d8318d-2087-4b13-8e79-5519a408092a,ind3172.pdf; the_forest__conservation__act__1980.pdf,0
ea14f7dd-74c5-456b-8eba-0274cbc53ef1,Clarification on the Guidelines given under the Handbook of the Forest _Conservation_ Act_ 1980 and general approval to micro hydel project 18.10.2019.pdf,"the Forest

(Conservation) Act, 1980",8f58f211-fd1a-412d-9a6b-65785b90ec56; 96d8318d-2087-4b13-8e79-5519a408092a,ind3172.pdf; the_forest__conservation__act__1980.pdf,0
eb5e8d57-80e5-4323-b949-2357a75e7933,revision of para 4.4 -17.02.2011.docx,"Forest (Conservation) Act, 1980",8f58f211-fd1a-412d-9a6b-65785b90ec56; 96d8318d-2087-4b13-8e79-5519a408092a,ind3172.pdf; the_forest__conservation__act__1980.pdf,0
ec0b9fd1-8592-4889-9fd3-03377a194fe9,Auto de-listing of proposal as per the provisions of guidelines given under the para 1.20 of the Handbook and subsequent procedure for their relisting 18.10.22.pdf,"Forest (Conservation) Act, 1980",8f58f211-fd1a-412d-9a6b-65785b90ec56; 96d8318d-2087-4b13-8e79-5519a408092a,ind3172.pdf; the_forest__conservation__act__1980.pdf,0
ed50e818-6210-4c2d-bd23-702275ea98cf,Zoo to be considered as a forestry activity 08.06.22.pdf,"Forest Conservation Act, 1980",8f58f211-fd1a-412d-9a6b-65785b90ec56; 96d8318d-2087-4b13-8e79-5519a408092a,ind3172.pdf; the_forest__conservation__act__1980.pdf,0
f1112592-6cc7-4be6-a31d-0cf73b0ccb8e,PROCES_1.PDF.docx,"the Forest (Conservation) Act, 1980",8f58f211-fd1a-412d-9a6b-65785b90ec56; 96d8318d-2087-4b13-8e79-5519a408092a,ind3172.pdf; the_forest__conservation__act__1980.pdf,0
f24f1ff9-d929-427b-941e-cd7487cddd1b,Lafarge Umiam Mining Pvt. Ltd. V. Union of India_ 2011 Supreme Court of India_ Judgment of 6 July 2011.pdf,"Forest (Conservation) Act, 1980",8f58f211-fd1a-412d-9a6b-65785b90ec56; 96d8318d-2087-4b13-8e79-5519a408092a,ind3172.pdf; the_forest__conservation__act__1980.pdf,15
f4822e7e-5175-47da-a444-6651bc16896e,Clarification on the Guidelines issued dated 17.04.2018 for diversion of forest land for non-forestry purpose 07.06.2019.pdf,"the Forest (Conservation) Act, 1980",8f58f211-fd1a-412d-9a6b-65785b90ec56; 96d8318d-2087-4b13-8e79-5519a408092a,ind3172.pdf; the_forest__conservation__act__1980.pdf,0
f4af0167-1940-4a93-b218-fed11d09dd08,fc-guidlines-2012.pdf,"the Forest

(Conservation) Act, 1980",8f58f211-fd1a-412d-9a6b-65785b90ec56; 96d8318d-2087-4b13-8e79-5519a408092a,ind3172.pdf; the_forest__conservation__act__1980.pdf,0
fc36613f-6612-45bb-884a-9e244058952f,Request for cutting and removing of already marked trees during Joint survey of Railway officials 09.06.2017.pdf,"Forest (Conservation) Act, 1980",8f58f211-fd1a-412d-9a6b-65785b90ec56; 96d8318d-2087-4b13-8e79-5519a408092a,ind3172.pdf; the_forest__conservation__act__1980.pdf,0
fc5b16c0-c1d5-4154-8d01-ba50f12a4611,Request from Ministry of Petroleum and Natural Gas_ Gol to introduce a separate category in the PARIVESH portal for Hydrocarbons projects 11.03.22.pdf,"the Forest (Conservation) Act, 1980",8f58f211-fd1a-412d-9a6b-65785b90ec56; 96d8318d-2087-4b13-8e79-5519a408092a,ind3172.pdf; the_forest__conservation__act__1980.pdf,0
fd4da3b9-2ec5-40d7-9fb8-e7767d7881e5,Clarification on drilling of shot holes for seismic surveys 03.05.2017.docx,"the Forest (Conservation) Act, 1980",8f58f211-fd1a-412d-9a6b-65785b90ec56; 96d8318d-2087-4b13-8e79-5519a408092a,ind3172.pdf; the_forest__conservation__act__1980.pdf,0
fd93ecea-3584-43b1-92b1-7e4dac512f7b,Guidelines recorded as forest and mining proposes non-forest 09.03.2016.docx,"the Forest (Conservation) Act, 1980",8f58f211-fd1a-412d-9a6b-65785b90ec56; 96d8318d-2087-4b13-8e79-5519a408092a,ind3172.pdf; the_forest__conservation__act__1980.pdf,0
fe07175e-51ab-44d2-a0be-11d074ca5b53,Guidelines for stipulating the norms for Survey and Investigation _Prospecting of ores_ on forest land 24.12.2018.pdf,"the Forest (Conservation) Act, 1980",8f58f211-fd1a-412d-9a6b-65785b90ec56; 96d8318d-2087-4b13-8e79-5519a408092a,ind3172.pdf; the_forest__conservation__act__1980.pdf,0
feaca04f-0b8c-4186-a41a-cc74cde638ed,revision of para 4.4 dated 6.1.2011.pdf,"Forest (Conservation) Act, 1980",8f58f211-fd1a-412d-9a6b-65785b90ec56; 96d8318d-2087-4b13-8e79-5519a408092a,ind3172.pdf; the_forest__conservation__act__1980.pdf,0
