filename,size_bytes,uploaded_at_utc,document_record_status,latest_job_status,failure_category,failure_reason,reason_source,attempt_count,latest_job_id,job_created_at_utc,job_started_at_utc,job_finished_at_utc,document_updated_at_utc
07 May 2015.pdf,1055700,2026-07-25T13:42:50.914000+00:00,,failed,"invalid_or_corrupt_pdf_structure","Could not read PDF 07 May 2015.pdf: startxref not found","ingest_jobs.error",1,15ad0dbc-bab3-48a9-9cf1-e52039f4e3da,2026-07-25T13:43:02.08467+00:00,2026-07-25T13:50:14.101343+00:00,2026-07-25T13:50:15.038954+00:00,
08 August 2014.pdf,277695,2026-07-25T13:42:50.734000+00:00,,failed,"invalid_or_corrupt_pdf_structure","Could not read PDF 08 August 2014.pdf: startxref not found","ingest_jobs.error",1,1ad4148f-03f8-4904-807f-14581958790e,2026-07-25T13:43:02.576264+00:00,2026-07-25T13:50:19.181927+00:00,2026-07-25T13:50:20.119632+00:00,
"1Guidelines for Eco-Sensitive Zones around Protected Areas 2011.pdf",3418966,2026-07-27T12:46:18.661000+00:00,,failed,"no_extractable_text","Document was not found or contains no extractable text.","ingest_jobs.error",1,ef0c2768-0759-4970-abc5-7bde53e73714,2026-07-27T12:46:29.938215+00:00,2026-07-27T13:03:34.973282+00:00,2026-07-27T13:03:36.541019+00:00,
"27 September 2017.pdf",67320,2026-07-25T13:43:07.598000+00:00,,failed,"no_extractable_text","Document was not found or contains no extractable text.","ingest_jobs.error",1,bb7b830a-c2fe-4547-9eb4-de85a1a70159,2026-07-25T13:43:13.16893+00:00,2026-07-25T13:50:22.367179+00:00,2026-07-25T13:50:23.201042+00:00,
"29 September 2016.pdf",384285,2026-07-25T13:43:17.630000+00:00,,failed,"invalid_or_corrupt_pdf_structure","Could not read PDF 29 September 2016.pdf: startxref not found","ingest_jobs.error",1,74398120-4a3d-4a07-b323-ca5c416a5b4e,2026-07-25T13:43:22.889991+00:00,2026-07-25T13:50:34.681574+00:00,2026-07-25T13:50:35.630971+00:00,
"All original documents of all the proposals with Ink Sign and Stamp 17.11.2016.pdf",721140,2026-08-04T10:31:35.168000+00:00,,failed,"invalid_or_corrupt_pdf_structure","Could not read PDF All original documents of all the proposals with Ink Sign and Stamp 17.11.2016.pdf: startxref not found","ingest_jobs.error",1,5e03655f-7b43-4a78-80d1-1f95c834662d,2026-08-04T10:31:46.665892+00:00,2026-08-04T10:38:58.469284+00:00,2026-08-04T10:38:59.698265+00:00,
"CA-1000 plants-2017 circular.pdf",2028336,2026-07-25T13:54:36.661000+00:00,,failed,"no_extractable_text","Document was not found or contains no extractable text.","ingest_jobs.error",1,3429aa6f-f725-4ce2-a66f-02a7a201f89f,2026-07-25T13:54:43.690881+00:00,2026-07-25T14:01:51.315577+00:00,2026-07-25T14:01:52.314129+00:00,
CLARIF_4.PDF,1352520,2026-07-27T14:28:26.318000+00:00,,failed,"no_extractable_text","Document was not found or contains no extractable text.","ingest_jobs.error",1,a7f9ec36-2782-4ef9-bab9-3a4ae8069ced,2026-07-27T14:28:31.798738+00:00,2026-07-27T14:36:21.307444+00:00,2026-07-27T14:36:22.315219+00:00,
"Calculation of safety zone raise by Government of Odisha in case of Gandhamardan _Block-B_ mining lease of OMC 02.02.18-.pdf",66300,2026-07-28T13:03:09.506000+00:00,,failed,"no_extractable_text","Document was not found or contains no extractable text.","ingest_jobs.error",1,91ba0ee1-92ae-4edf-8546-672b351bd0b7,2026-07-28T13:03:16.014923+00:00,2026-07-28T13:10:25.41897+00:00,2026-07-28T13:10:27.620451+00:00,
"Calculation of safety zone raise by Government of Odisha in case of Gandhamardan _Block-B_ mining lease of OMC 02.02.18.pdf",66300,2026-07-28T12:44:41.353000+00:00,,failed,"no_extractable_text","Document was not found or contains no extractable text.","ingest_jobs.error",1,8b3bb111-9cdc-4902-bdbe-1b31304b8fcf,2026-07-28T12:44:48.153884+00:00,2026-07-28T12:52:01.459962+00:00,2026-07-28T12:52:02.560682+00:00,
"Clarification on applicability of the Forest _Conservation_ Act_ 1980 on Railways land 10.03.22.pdf",124185,2026-07-27T14:28:04.246000+00:00,,failed,"no_extractable_text","Document was not found or contains no extractable text.","ingest_jobs.error",1,f43dad25-abc9-4309-96d0-a52120a6c239,2026-07-27T14:28:09.960379+00:00,2026-07-27T14:36:20.106341+00:00,2026-07-27T14:36:20.9798+00:00,
"Clarification on drilling of shot holes for seismic surveys 03.05.2017.pdf",630870,2026-08-03T15:10:28.604000+00:00,,failed,"invalid_or_corrupt_pdf_structure","Could not read PDF Clarification on drilling of shot holes for seismic surveys 03.05.2017.pdf: startxref not found","ingest_jobs.error",1,63381b01-6a85-42b4-806b-32891e49eb2b,2026-08-03T15:10:35.195802+00:00,2026-08-03T15:17:42.512831+00:00,2026-08-03T15:17:44.239647+00:00,
"Clarification on the guidelines given under para 7.3_iv_ 31.05.2023.pdf",526830,2026-07-25T08:49:53.515000+00:00,,failed,"no_extractable_text","Document was not found or contains no extractable text.","ingest_jobs.error",1,ec3e4bc2-ab50-454a-82ec-7a962a2e4a11,2026-07-25T08:50:00.484271+00:00,2026-07-25T08:57:08.484004+00:00,2026-07-25T08:57:09.830856+00:00,
"Clarification regarding Liner Infrastructure _Conveyor belt_ linked to mining project 05.08.2019.pdf",74205,2026-07-28T12:31:09.518000+00:00,,failed,"no_extractable_text","Document was not found or contains no extractable text.","ingest_jobs.error",1,9ec14950-2aa4-4695-9c27-ce4690908925,2026-07-28T12:31:14.971014+00:00,2026-07-28T12:38:59.043707+00:00,2026-07-28T12:39:00.255118+00:00,
"Clarification regarding applicability of revised rates of Net Present Value 22.03.2022.pdf",32640,2026-07-27T14:28:59.671000+00:00,,failed,"no_extractable_text","Document was not found or contains no extractable text.","ingest_jobs.error",1,bce9aba3-bbcb-4461-88dd-aa2cd9bc8613,2026-07-27T14:29:05.598323+00:00,2026-07-27T14:36:28.882182+00:00,2026-07-27T14:36:29.824242+00:00,
"Compensatory Afforestation on Degraded Forest Land in respect of captive coal blocks of State PSUs for limited puposes 19.04.22.pdf",173145,2026-07-27T14:29:20.450000+00:00,,failed,"no_extractable_text","Document was not found or contains no extractable text.","ingest_jobs.error",1,25e53244-0435-448e-81eb-c7f52694deb8,2026-07-27T14:29:25.845313+00:00,2026-07-27T14:36:38.300707+00:00,2026-07-27T14:36:39.189832+00:00,
"Compensatory afforestation on Degraded Forest Land in respect of captive coal blocks of State PSUs for limited purpose 11.04.22.pdf",36975,2026-07-27T14:29:29.129000+00:00,,failed,"no_extractable_text","Document was not found or contains no extractable text.","ingest_jobs.error",1,ea121747-d9e7-4fb5-8c06-aa842d0577ce,2026-07-27T14:29:34.975048+00:00,2026-07-27T14:36:44.188512+00:00,2026-07-27T14:36:45.082255+00:00,
"Compliance of the Schedule Tribes and Other Traditional Forest Dwellers _Recognition of Forest Rights_ Act_ 2006 26.02.2019.pdf",997815,2026-07-28T12:31:18.423000+00:00,,failed,"no_extractable_text","Document was not found or contains no extractable text.","ingest_jobs.error",1,e14317af-fe81-44d1-9a16-0bf088e36f95,2026-07-28T12:31:23.861524+00:00,2026-07-28T12:39:13.145253+00:00,2026-07-28T12:39:14.462916+00:00,
"Constitution of India 1.5.2026.pdf",2684622,2026-07-27T12:46:53.712000+00:00,,failed,page_limit_exceeded,"PDF Constitution of India 1.5.2026.pdf has 402 pages; the configured limit is 300.","ingest_jobs.error",1,db045744-b78c-456e-bb33-756d3240af6d,2026-07-27T12:46:59.217845+00:00,2026-07-27T13:03:42.12219+00:00,2026-07-27T13:03:43.846627+00:00,
"Constitution of India.pdf",17056296,2026-07-31T11:45:44.313000+00:00,,failed,"no_extractable_text","Document was not found or contains no extractable text.","ingest_jobs.error",1,a5f4eb84-e9ad-45ff-9434-f03d1979b700,2026-07-31T11:45:50.820249+00:00,2026-07-31T11:53:00.799642+00:00,2026-07-31T11:53:02.798683+00:00,
"Constructions to all IROs not to raise multiple EDS in forest clearance proposals 04.12.20.pdf",3995595,2026-07-27T14:46:59.727000+00:00,,failed,"no_extractable_text","Document was not found or contains no extractable text.","ingest_jobs.error",1,0f7bbfc7-83c2-40cf-a08e-537ba7532ab8,2026-07-27T14:47:05.111565+00:00,2026-07-27T14:54:18.76419+00:00,2026-07-27T14:54:20.485309+00:00,
DGPS-FCA.pdf,43860,2026-07-25T14:22:43.560000+00:00,,failed,"no_extractable_text","Document was not found or contains no extractable text.","ingest_jobs.error",1,75a30122-1121-4c05-98db-1424279b4084,2026-07-25T14:22:49.997752+00:00,2026-07-25T14:30:25.263474+00:00,2026-07-25T14:30:26.215047+00:00,
DLC Odisha.pdf,462327,2026-07-25T14:00:40.176000+00:00,,failed,"no_extractable_text","Document was not found or contains no extractable text.","ingest_jobs.error",1,062ec7f0-330b-4d02-a4a8-985923591361,2026-07-25T14:00:45.672848+00:00,2026-07-25T14:07:54.075391+00:00,2026-07-25T14:07:55.02557+00:00,
"Deposition of fund through online for implementation of CAT plan in more than one instalment for small Hydel Project 03.07.2018.pdf",53040,2026-07-28T12:44:52.522000+00:00,,failed,"no_extractable_text","Document was not found or contains no extractable text.","ingest_jobs.error",1,946d0a3d-9ca2-4c8c-94e6-bdde6fa6604e,2026-07-28T12:44:57.902766+00:00,2026-07-28T12:52:06.595569+00:00,2026-07-28T12:52:08.14568+00:00,
"Documents for PF Notification.pdf",491260,2026-07-25T14:01:01.084000+00:00,,failed,"no_extractable_text","Document was not found or contains no extractable text.","ingest_jobs.error",1,24f7417b-3254-4f38-bcc4-ea6fca45b27b,2026-07-25T14:01:06.401504+00:00,2026-07-25T14:08:13.624352+00:00,2026-07-25T14:08:14.57009+00:00,
"Exempted boreholes.pdf",1129646,2026-07-16T11:41:16.028000+00:00,,failed,"no_extractable_text","Document was not found or contains no extractable text.","ingest_jobs.error",1,750d6f10-09a4-483d-9dfb-11b3340f53cd,2026-07-16T11:41:28.661034+00:00,2026-07-16T11:48:40.292498+00:00,2026-07-16T11:48:41.305166+00:00,
"FC Amendment Act 1988.pdf",3687555,2026-07-25T14:23:15.731000+00:00,,failed,"invalid_or_corrupt_pdf_structure","Could not read PDF FC Amendment Act 1988.pdf: startxref not found","ingest_jobs.error",1,2a35e49a-7222-4548-b204-eb7d2c3f89d8,2026-07-25T14:23:21.948243+00:00,2026-07-25T14:30:29.901694+00:00,2026-07-25T14:30:30.918929+00:00,
"FRA_English.pdf",9116858,2026-07-25T14:03:20.634000+00:00,,failed,"no_extractable_text","Document was not found or contains no extractable text.","ingest_jobs.error",1,767e9c88-52b4-4013-9b81-8e5e864a3cf6,2026-07-25T14:03:26.83085+00:00,2026-07-25T14:11:19.038087+00:00,2026-07-25T14:11:20.220922+00:00,
"Felling permission of trees in ESZ of Protected area 29.09.2016.pdf",384285,2026-08-04T10:41:17.068000+00:00,,failed,"invalid_or_corrupt_pdf_structure","Could not read PDF Felling permission of trees in ESZ of Protected area 29.09.2016.pdf: startxref not found","ingest_jobs.error",1,668f8901-82d2-4222-a712-49941fba479c,2026-08-04T10:41:23.510537+00:00,2026-08-04T10:48:31.045539+00:00,2026-08-04T10:48:32.597103+00:00,
"Forest Area Diverted for the year 2024.pdf",1512224,2026-07-25T14:02:21.240000+00:00,,failed,"no_extractable_text","Document was not found or contains no extractable text.","ingest_jobs.error",1,3fa2247d-11db-43ef-9213-1dea0ecf08aa,2026-07-25T14:02:27.670125+00:00,2026-07-25T14:11:09.691512+00:00,2026-07-25T14:11:10.648675+00:00,
"Forest _Conservation_ Act_ 1980 Gazetted Notiofication.pdf",317646,2026-07-25T14:18:14.508000+00:00,,failed,"no_extractable_text","Document was not found or contains no extractable text.","ingest_jobs.error",1,99ec79de-4377-454d-840e-62633f5df4dc,2026-07-25T14:18:21.492168+00:00,2026-07-25T14:25:38.812688+00:00,2026-07-25T14:25:39.71983+00:00,
"Forest _Conservation_ Act_ 1980.pdf",317646,2026-07-25T14:16:04.213000+00:00,,failed,"no_extractable_text","Document was not found or contains no extractable text.","ingest_jobs.error",1,a6fffbd3-21f3-4515-8385-7bddc322b9e0,2026-07-25T14:16:10.605379+00:00,2026-07-25T14:24:25.079069+00:00,2026-07-25T14:24:26.06401+00:00,
GUIDEL_3.PDF,794580,2026-08-03T15:23:51.035000+00:00,,failed,"invalid_or_corrupt_pdf_structure","Could not read PDF GUIDEL_3.PDF: startxref not found","ingest_jobs.error",1,761f3632-280f-4616-9603-68f21fed0819,2026-08-03T15:23:57.428492+00:00,2026-08-03T15:31:05.425707+00:00,2026-08-03T15:31:06.490561+00:00,
"General approval LWE District 25.02.2016.pdf",777750,2026-08-04T10:50:50.422000+00:00,,failed,"invalid_or_corrupt_pdf_structure","Could not read PDF General approval LWE District 25.02.2016.pdf: startxref not found","ingest_jobs.error",1,5d00da2b-ca83-4437-8f8d-5666cfb73ca1,2026-08-04T10:50:57.148148+00:00,2026-08-04T10:58:05.119042+00:00,2026-08-04T10:58:07.730423+00:00,
"Guidelines FC Act 1980 clarification Seismic Survey 03.03.2016.pdf",592620,2026-08-04T12:23:57.094000+00:00,,failed,"invalid_or_corrupt_pdf_structure","Could not read PDF Guidelines FC Act 1980 clarification Seismic Survey 03.03.2016.pdf: startxref not found","ingest_jobs.error",1,94b91d38-88f7-48a8-9c85-9ebecae4e65b,2026-08-04T12:24:07.798218+00:00,2026-08-04T12:31:24.417179+00:00,2026-08-04T12:31:25.522722+00:00,
"Guidelines for Collection of NPV 16.03.2016.pdf",673965,2026-08-04T12:23:55.760000+00:00,,failed,"invalid_or_corrupt_pdf_structure","Could not read PDF Guidelines for Collection of NPV 16.03.2016.pdf: startxref not found","ingest_jobs.error",1,c5b970c0-ea4a-4e03-8c69-92ddf9adbc03,2026-08-04T12:24:07.29975+00:00,2026-08-04T12:31:21.603546+00:00,2026-08-04T12:31:23.590638+00:00,
"Guidelines for collection of NPV 16.03.2016.pdf",673965,2026-08-06T13:33:59.566000+00:00,failed,failed,"invalid_or_corrupt_pdf_structure","Could not read PDF Guidelines for collection of NPV 16.03.2016.pdf: startxref not found","document_metadata.ingest_error",2,22e34c3d-393d-4c76-92a6-1c2b2001e195,2026-08-06T13:37:05.755605+00:00,2026-08-06T13:44:14.226055+00:00,2026-08-06T13:44:15.624083+00:00,2026-08-06T13:44:15.45892+00:00
"Guidelines for construction of community toilet for benefit people 08.11.2016.pdf",1377510,2026-08-04T12:24:13.076000+00:00,,failed,"invalid_or_corrupt_pdf_structure","Could not read PDF Guidelines for construction of community toilet for benefit people 08.11.2016.pdf: startxref not found","ingest_jobs.error",1,d61c78c4-4709-49a3-91dd-b94ba2965f60,2026-08-04T12:24:19.964721+00:00,2026-08-04T12:31:31.787331+00:00,2026-08-04T12:31:33.48744+00:00,
"Guidelines for laying TL through forest areas 24.10.2016.pdf",1293615,2026-08-04T12:24:13.208000+00:00,,failed,"invalid_or_corrupt_pdf_structure","Could not read PDF Guidelines for laying TL through forest areas 24.10.2016.pdf: startxref not found","ingest_jobs.error",1,22935346-d18a-4143-bef9-42047cb7cd17,2026-08-04T12:24:19.960332+00:00,2026-08-04T12:31:27.811677+00:00,2026-08-04T12:31:28.843835+00:00,
"Guidelines for stipulating the norms for survey and investigation _Prospecting of ores_ on forest land 05.09.2018.pdf",164220,2026-07-28T12:45:10.358000+00:00,,failed,"no_extractable_text","Document was not found or contains no extractable text.","ingest_jobs.error",1,e61657b4-7d0b-40a8-8e31-da8d7ef8a2d4,2026-07-28T12:45:16.351815+00:00,2026-07-28T12:52:30.123814+00:00,2026-07-28T12:52:31.178996+00:00,
"Guidelines on the issue of zudpi Jungle of Maharastra 27.06.2018.pdf",38760,2026-07-28T12:45:19.604000+00:00,,failed,"no_extractable_text","Document was not found or contains no extractable text.","ingest_jobs.error",1,a2636381-9ba7-4f68-9697-f3565ee7272e,2026-07-28T12:45:25.992602+00:00,2026-07-28T12:52:42.887393+00:00,2026-07-28T12:52:43.957695+00:00,
"Guidelines recorded as forest and mining proposes non-forest 09.03.2016.pdf",604860,2026-08-04T12:24:23.831000+00:00,,failed,"invalid_or_corrupt_pdf_structure","Could not read PDF Guidelines recorded as forest and mining proposes non-forest 09.03.2016.pdf: startxref not found","ingest_jobs.error",1,5ec0d7ff-7c0f-4418-aca3-af78ec258588,2026-08-04T12:24:29.236933+00:00,2026-08-04T12:31:37.391225+00:00,2026-08-04T12:31:38.606657+00:00,
"Guidelines while processing and or approving proposals forest and non-forest 30.09.2016.pdf",708135,2026-08-04T12:24:24.631000+00:00,,failed,"invalid_or_corrupt_pdf_structure","Could not read PDF Guidelines while processing and or approving proposals forest and non-forest 30.09.2016.pdf: startxref not found","ingest_jobs.error",1,b7e2d1b3-8f1a-4070-b966-99b903d71f80,2026-08-04T12:24:29.948266+00:00,2026-08-04T12:31:41.272773+00:00,2026-08-04T12:31:42.496827+00:00,
HANDBOOKONMANAGEMENTOFROOTTRAINERNURSERYENGLISH.pdf,21255635,2026-07-25T09:32:14.547000+00:00,,failed,"no_extractable_text","Document was not found or contains no extractable text.","ingest_jobs.error",1,d907cf10-18e7-42bb-8627-fd9392c74ebf,2026-07-25T09:32:20.672917+00:00,2026-07-25T09:43:42.829385+00:00,2026-07-25T09:45:18.038327+00:00,
"Instructions to all IROs not to raise multiple EDS in forest clearance proposals 04.12.20.pdf",3995595,2026-07-27T14:59:04.008000+00:00,,failed,"no_extractable_text","Document was not found or contains no extractable text.","ingest_jobs.error",1,a19e7e17-27a4-477d-85e7-756082f5ded3,2026-07-27T14:59:10.388044+00:00,2026-07-27T15:06:19.498274+00:00,2026-07-27T15:06:20.680398+00:00,
"Land record-Sabik Hal-Chief Secretary.pdf",1254725,2026-07-25T09:44:17.096000+00:00,,failed,"no_extractable_text","Document was not found or contains no extractable text.","ingest_jobs.error",1,3e6d33f2-166f-4583-b188-6837898bc089,2026-07-25T09:44:25.616247+00:00,2026-07-25T09:52:29.198437+00:00,2026-07-25T09:52:30.071422+00:00,
"Mining leases _ML_ applications MMDR Act 08.02.2017.pdf",495975,2026-08-03T15:29:29.449000+00:00,,failed,"invalid_or_corrupt_pdf_structure","Could not read PDF Mining leases _ML_ applications MMDR Act 08.02.2017.pdf: startxref not found","ingest_jobs.error",1,16035b58-0a5b-45e7-9153-979219b85cbe,2026-08-03T15:29:35.448785+00:00,2026-08-03T15:36:42.562176+00:00,2026-08-03T15:36:43.650866+00:00,
"NEERI-Report.pdf",1755068,2026-07-25T14:04:37.301000+00:00,,failed,"no_extractable_text","Document was not found or contains no extractable text.","ingest_jobs.error",1,d7440fa7-c40c-4810-a6b5-d03a63d23838,2026-07-25T14:04:43.903902+00:00,2026-07-25T14:14:20.882968+00:00,2026-07-25T14:14:22.211858+00:00,
NGT-Act 2010.pdf,681576,2026-07-25T14:17:32.913000+00:00,,failed,"no_extractable_text","Document was not found or contains no extractable text.","ingest_jobs.error",1,2a2f9237-dc98-411c-ade2-d8b346fe57d9,2026-07-25T14:17:39.598384+00:00,2026-07-25T14:25:36.197432+00:00,2026-07-25T14:25:37.228048+00:00,
NPV Applicability Date _ Rate.pdf,550820,2026-07-25T14:04:48.005000+00:00,,failed,"no_extractable_text","Document was not found or contains no extractable text.","ingest_jobs.error",1,c90e337c-1b91-4110-8857-1b9b87c1d8b8,2026-07-25T14:04:54.914667+00:00,2026-07-25T14:14:22.587675+00:00,2026-07-25T14:14:24.017355+00:00,
"NPV-Supreme Court.pdf",2180888,2026-07-25T14:04:48.674000+00:00,,failed,"no_extractable_text","Document was not found or contains no extractable text.","ingest_jobs.error",1,f3e9517d-e3e5-4ce4-860b-be6acb5968a2,2026-07-25T14:04:55.453875+00:00,2026-07-25T14:14:24.478679+00:00,2026-07-25T14:14:26.016296+00:00,
"National Green Tribunal _NGT_ Act 2010.pdf",681576,2026-07-27T12:47:33.624000+00:00,,failed,"no_extractable_text","Document was not found or contains no extractable text.","ingest_jobs.error",1,4cf6bf3d-c793-4fd4-8c6c-a39860bd1ae2,2026-07-27T12:47:39.616064+00:00,2026-07-27T13:05:45.713387+00:00,2026-07-27T13:05:46.672497+00:00,
"Nodal Officer for Prospecting.pdf",1527575,2026-07-25T09:44:17.299000+00:00,,failed,"no_extractable_text","Document was not found or contains no extractable text.","ingest_jobs.error",1,e044b2e4-ed98-439e-a3be-3eef51ccf3be,2026-07-25T09:44:25.023515+00:00,2026-07-25T09:52:26.232017+00:00,2026-07-25T09:52:27.539249+00:00,
"PF _ Area Diverted-Abstract-Dec 2024.pdf",268307,2026-07-25T14:05:31.121000+00:00,,failed,"no_extractable_text","Document was not found or contains no extractable text.","ingest_jobs.error",1,7cee7077-81b0-43f0-b19b-b7848b99612f,2026-07-25T14:05:37.449167+00:00,2026-07-25T14:14:39.779359+00:00,2026-07-25T14:14:41.219301+00:00,
"Physical copies of Stage-I and Stage-II approval under Forest _Conservation_ Act_ 1980 on PARIVESH Portal 12.03.2019.pdf",18105,2026-07-28T12:31:51.805000+00:00,,failed,"no_extractable_text","Document was not found or contains no extractable text.","ingest_jobs.error",1,ed7e8895-e3f6-4ed2-8013-b01c8bc1a9d5,2026-07-28T12:31:57.112578+00:00,2026-07-28T12:39:53.443677+00:00,2026-07-28T12:39:54.477076+00:00,
"Prospecting-exemption 2022-Guidelines.pdf",981757,2026-07-25T14:07:44.145000+00:00,,failed,"no_extractable_text","Document was not found or contains no extractable text.","ingest_jobs.error",1,ae499fe2-cb75-492b-920e-2df6ab91a548,2026-07-25T14:07:50.491189+00:00,2026-07-25T14:15:18.874644+00:00,2026-07-25T14:15:20.118235+00:00,
"Recorded as forest and non-forest 30.08.2016.pdf",346035,2026-08-04T12:24:34.257000+00:00,,failed,"invalid_or_corrupt_pdf_structure","Could not read PDF Recorded as forest and non-forest 30.08.2016.pdf: startxref not found","ingest_jobs.error",1,af50d253-9fb4-46c2-ba3d-31c3a476d5b1,2026-08-04T12:24:39.77959+00:00,2026-08-04T12:31:48.204312+00:00,2026-08-04T12:31:49.227209+00:00,
"Regarding refund of interest accured on compensatory levies in respect of proposal withdrawn closed by the State Government 16.04.20.pdf",122145,2026-07-27T14:47:52.389000+00:00,,failed,"no_extractable_text","Document was not found or contains no extractable text.","ingest_jobs.error",1,43fe6bec-ff8c-4cae-ae7b-53a872873ac4,2026-07-27T14:47:57.757719+00:00,2026-07-27T14:55:24.164873+00:00,2026-07-27T14:55:25.873964+00:00,
"Retaining of guidelines dated 14.09.2004 and 30.04.2005 permitting repair and maintenance of roads constructed prior to 1980 11.09.20.pdf",69870,2026-07-27T14:47:55.369000+00:00,,failed,"no_extractable_text","Document was not found or contains no extractable text.","ingest_jobs.error",1,dfe7e8cf-7404-4199-9d61-a167b665e9e6,2026-07-27T14:48:01.059661+00:00,2026-07-27T14:55:28.110605+00:00,2026-07-27T14:55:29.190444+00:00,
"Review of cases pending beyond timelines in the digitized services of MoEF 22.03.2017.pdf",3420315,2026-08-03T16:24:04.466000+00:00,,failed,"invalid_or_corrupt_pdf_structure","Could not read PDF Review of cases pending beyond timelines in the digitized services of MoEF 22.03.2017.pdf: startxref not found","ingest_jobs.error",1,e6d02dfe-c3da-45f0-b1e2-20f004435b98,2026-08-03T16:24:11.198895+00:00,2026-08-03T16:31:20.105833+00:00,2026-08-03T16:31:21.896609+00:00,
"Revision of Guidelines for diversion of forest land for non forestry purpose under the forest _Conservation_ Act_ 1980 17.04.2018.pdf",239445,2026-07-28T12:45:29.400000+00:00,,failed,"no_extractable_text","Document was not found or contains no extractable text.","ingest_jobs.error",1,64fd9d78-1e12-47eb-b663-20364f5c28b4,2026-07-28T12:45:34.842373+00:00,2026-07-28T12:52:51.952895+00:00,2026-07-28T12:52:53.077625+00:00,
RoW of Railways.pdf,2734815,2026-07-25T14:08:25.034000+00:00,,failed,"no_extractable_text","Document was not found or contains no extractable text.","ingest_jobs.error",1,22b30cd1-af76-457c-8a56-4a9b061652b9,2026-07-25T14:08:31.33256+00:00,2026-07-25T14:15:38.616256+00:00,2026-07-25T14:15:39.919369+00:00,
"Road on Non Forest - 2 times plantation.pdf",1552230,2026-07-25T09:44:30.494000+00:00,,failed,"no_extractable_text","Document was not found or contains no extractable text.","ingest_jobs.error",1,21f07df5-ffbc-469c-bcf4-40a31ea03ebd,2026-07-25T09:44:37.218389+00:00,2026-07-25T09:52:33.068454+00:00,2026-07-25T09:52:34.541557+00:00,
Rule 16_1_-Reply to GoI.pdf,818268,2026-07-25T14:08:25.035000+00:00,,failed,"no_extractable_text","Document was not found or contains no extractable text.","ingest_jobs.error",1,20d089d4-6e02-4c2d-b0a7-8e9c31cc1f97,2026-07-25T14:08:31.486405+00:00,2026-07-25T14:15:42.046284+00:00,2026-07-25T14:15:42.948889+00:00,
SUBMIS_1.PDF,1038105,2026-08-03T16:33:36.042000+00:00,,failed,"invalid_or_corrupt_pdf_structure","Could not read PDF SUBMIS_1.PDF: startxref not found","ingest_jobs.error",1,ac418624-438c-43df-be0f-7a2725320b17,2026-08-03T16:33:42.567811+00:00,2026-08-03T16:40:50.737723+00:00,2026-08-03T16:40:51.92704+00:00,
"Sabik Forest-GoI 2015.pdf",1007002,2026-07-25T14:08:35.188000+00:00,,failed,"no_extractable_text","Document was not found or contains no extractable text.","ingest_jobs.error",1,0991ab93-8144-4abf-8ab9-7d7f7e9c5a88,2026-07-25T14:08:40.727235+00:00,2026-07-25T14:15:49.895054+00:00,2026-07-25T14:15:50.835771+00:00,
"Safety Zone-Calculation of safety zone raise by Government of Odisha in case of Gandhamardan _Block-B_ mining lease of OMC 02.02.18-.pdf",66300,2026-07-28T13:12:56.920000+00:00,,failed,"no_extractable_text","Document was not found or contains no extractable text.","ingest_jobs.error",1,ef6f75ae-93e3-4bb0-b3cc-97448b876552,2026-07-28T13:13:03.462858+00:00,2026-07-28T13:20:11.039571+00:00,2026-07-28T13:20:12.36684+00:00,
"Sample Enumeration of trees.pdf",162747,2026-07-25T14:08:34.941000+00:00,,failed,"no_extractable_text","Document was not found or contains no extractable text.","ingest_jobs.error",1,cb9efe49-2d2b-451b-b0cd-4709bf068669,2026-07-25T14:08:40.486787+00:00,2026-07-25T14:15:46.700603+00:00,2026-07-25T14:15:47.650204+00:00,
"Section 2 _iii_ FC Act 1980 filling online form for seeking approval 17.11.2016.pdf",401625,2026-08-04T12:24:34.674000+00:00,,failed,"invalid_or_corrupt_pdf_structure","Could not read PDF Section 2 _iii_ FC Act 1980 filling online form for seeking approval 17.11.2016.pdf: startxref not found","ingest_jobs.error",1,b4d9ed07-ea4a-4560-b470-c0a552bfe4e4,2026-08-04T12:24:42.595705+00:00,2026-08-04T12:31:51.648854+00:00,2026-08-04T12:31:52.711605+00:00,
"Submission of Geo-referenced digital data for applications under Forest _Conservation_ Act_ 1980 03.09.2018.pdf",41310,2026-07-28T12:45:29.540000+00:00,,failed,"no_extractable_text","Document was not found or contains no extractable text.","ingest_jobs.error",1,fb126440-c85d-4fd3-b33e-6f2e6be7dfd4,2026-07-28T12:45:35.24501+00:00,2026-07-28T12:52:55.251597+00:00,2026-07-28T12:52:56.465796+00:00,
"Submission of proposals to obtain approval entire forest land mining lease 20.06.2016.pdf",1259955,2026-08-04T12:24:47.386000+00:00,,failed,"invalid_or_corrupt_pdf_structure","Could not read PDF Submission of proposals to obtain approval entire forest land mining lease 20.06.2016.pdf: startxref not found","ingest_jobs.error",1,821d502c-ca14-4f54-9950-82e7761f3804,2026-08-04T12:24:52.761526+00:00,2026-08-04T12:32:32.853434+00:00,2026-08-04T12:32:34.492655+00:00,
"Submission of proposals to obtain approval mining lease 31.03.2016.pdf",921060,2026-08-04T12:24:54.865000+00:00,,failed,"invalid_or_corrupt_pdf_structure","Could not read PDF Submission of proposals to obtain approval mining lease 31.03.2016.pdf: startxref not found","ingest_jobs.error",1,bc8d4412-d236-4212-bc7f-7e445e953663,2026-08-04T12:25:00.794538+00:00,2026-08-04T12:32:37.485467+00:00,2026-08-04T12:32:38.505997+00:00,
"Tree Felling additional guidelines.pdf",11374361,2026-07-25T14:09:13.721000+00:00,,failed,"no_extractable_text","Document was not found or contains no extractable text.","ingest_jobs.error",1,3019d9db-ba78-4cbd-85ac-981f5e904397,2026-07-25T14:09:19.99921+00:00,2026-07-25T14:18:35.34535+00:00,2026-07-25T14:18:36.717807+00:00,
"Tree Felling guidelines FECC.pdf",11374361,2026-07-25T14:09:13.806000+00:00,,failed,"no_extractable_text","Document was not found or contains no extractable text.","ingest_jobs.error",1,51ddcdca-62f0-4770-9b8f-44ef2c312600,2026-07-25T14:09:20.21849+00:00,2026-07-25T14:18:37.047071+00:00,2026-07-25T14:18:38.42105+00:00,
"Tree Felling in ESZ Competent Authority.pdf",1589688,2026-07-25T09:44:30.450000+00:00,,failed,"no_extractable_text","Document was not found or contains no extractable text.","ingest_jobs.error",1,0e37f8a6-0903-42e0-bde0-d048ea4c597b,2026-07-25T09:44:37.615743+00:00,2026-07-25T09:52:35.914044+00:00,2026-07-25T09:52:36.89158+00:00,
"Trees Felling MoEFCC guideline 2005.pdf",604284,2026-07-25T14:09:23.684000+00:00,,failed,"no_extractable_text","Document was not found or contains no extractable text.","ingest_jobs.error",1,6c1b665e-af50-4fa7-ba4d-ace0ea4a6f5c,2026-07-25T14:09:29.494515+00:00,2026-07-25T14:18:39.475669+00:00,2026-07-25T14:18:40.422418+00:00,
VALIDI_1.PDF,755055,2026-07-27T14:48:19.423000+00:00,,failed,"no_extractable_text","Document was not found or contains no extractable text.","ingest_jobs.error",1,515afd08-7332-474b-8a96-7758fa194ade,2026-07-27T14:48:24.667844+00:00,2026-07-27T14:55:47.331718+00:00,2026-07-27T14:55:48.400579+00:00,
"Wildlife Protection Amendment Act 2006.pdf",4953459,2026-07-27T12:48:22.027000+00:00,,failed,"no_extractable_text","Document was not found or contains no extractable text.","ingest_jobs.error",1,69f256ad-b88d-471b-9018-90d194e0a670,2026-07-27T12:48:28.017864+00:00,2026-07-27T13:05:49.910809+00:00,2026-07-27T13:05:50.947838+00:00,
"environmental protection_act_1986.pdf",6345182,2026-07-27T12:47:18.758000+00:00,,failed,"no_extractable_text","Document was not found or contains no extractable text.","ingest_jobs.error",1,c9ca0403-7d4b-4cd0-aff2-a9601e1ca63f,2026-07-27T12:47:24.642402+00:00,2026-07-27T13:05:42.096146+00:00,2026-07-27T13:05:43.944824+00:00,
"extending the dispensation to NHIDCL 19.04.2018.pdf",106080,2026-07-28T12:45:02.406000+00:00,,failed,"no_extractable_text","Document was not found or contains no extractable text.","ingest_jobs.error",1,ee3ed215-0d23-4517-be7a-8194cc254ba3,2026-07-28T12:45:07.681003+00:00,2026-07-28T12:52:25.465685+00:00,2026-07-28T12:52:26.668523+00:00,
"guidelines-revision of para 4.4 -21.03.11.pdf",606624,2026-08-04T12:51:25.996000+00:00,,failed,"invalid_or_corrupt_pdf_structure","Cannot find Root object in pdf","ingest_jobs.error",1,609cf6ce-4ba1-4f0c-b465-4e0413feee91,2026-08-04T12:51:33.069028+00:00,2026-08-04T12:58:59.304211+00:00,2026-08-04T12:59:00.440189+00:00,
"provision of transferring equivalent non-forest land by Government Departments for compensatory afforestation 19.01.2017.pdf",486285,2026-08-03T16:14:19.237000+00:00,,failed,"invalid_or_corrupt_pdf_structure","Could not read PDF provision of transferring equivalent non-forest land by Government Departments for compensatory afforestation 19.01.2017.pdf: startxref not found","ingest_jobs.error",1,8f0bc55d-1189-4151-a3c3-3b039e123f76,2026-08-03T16:14:32.691883+00:00,2026-08-03T16:21:45.586666+00:00,2026-08-03T16:21:46.780146+00:00,
"revision of para 4.4 -17.02.2011.pdf",407689,2026-08-04T13:08:36.342000+00:00,,failed,"invalid_or_corrupt_pdf_structure","Cannot find Root object in pdf","ingest_jobs.error",1,8d76b6f7-bc1e-4296-ad58-67c23d5a238f,2026-08-04T13:08:42.246154+00:00,2026-08-04T13:19:47.583963+00:00,2026-08-04T13:19:48.705217+00:00,\n
